Workbook

Sheet 工作表1
A1: SO2 | B1: CO | C1: PM10 | D1: No2 | E1: O3 | F1: PM2.5 | J1: =MEDIAN(A:A) -> 2 | S1: MAD | U1: SO2 | V1: CO | W1: PM10 | X1: NO2 | Y1: O3 | Z1: PM2.5
A2: 5 | B2: 23 | C2: 49 | D2: 78 | E2: 35 | F2: 85 | J2: =MEDIAN(B:B) -> 3 | K2: =ABS(A2-$J$1) -> 3 | L2: =ABS(B2-$J$2) -> 20 | M2: =ABS(C2-$J$3) -> 26 | N2: =ABS(D2-$J$4) -> 55 | O2: =ABS(E2-$J$5) -> 5 | P2: =ABS(F2-$J$6) -> 47 | S2: =MEDIAN(K2:K24095) -> 2 | T2: SO2 | U2: =CORREL($A:$A,A:A) -> 1 | V2: =CORREL($A:$A,B:B) -> 0.20793915 | W2: =CORREL($A:$A,C:C) -> 0.26626195 | X2: =CORREL($A:$A,D:D) -> 0.26602225 | Y2: =CORREL($A:$A,E:E) -> 0.17722609 | Z2: =CORREL($A:$A,F:F) -> 0.28366856
A3: 8 | B3: 22 | C3: 51 | D3: 68 | E3: 33 | F3: 89 | J3: =MEDIAN(C:C) -> 23 | K3: =ABS(A3-$J$1) -> 6 | L3: =ABS(B3-$J$2) -> 19 | M3: =ABS(C3-$J$3) -> 28 | N3: =ABS(D3-$J$4) -> 45 | O3: =ABS(E3-$J$5) -> 7 | P3: =ABS(F3-$J$6) -> 51 | S3: =MEDIAN(L2:L24095) -> 1 | T3: CO | U3: =CORREL($B:$B,A:A) -> 0.20793915 | V3: =CORREL($B:$B,B:B) -> 1 | W3: =CORREL($B:$B,C:C) -> 0.47055828 | X3: =CORREL($B:$B,D:D) -> 0.73528034 | Y3: =CORREL($B:$B,E:E) -> 0.19676852 | Z3: =CORREL($B:$B,F:F) -> 0.59237894
A4: 57 | B4: 20 | C4: 42 | D4: 37 | E4: 11 | F4: 54 | J4: =MEDIAN(D:D) -> 23 | K4: =ABS(A4-$J$1) -> 55 | L4: =ABS(B4-$J$2) -> 17 | M4: =ABS(C4-$J$3) -> 19 | N4: =ABS(D4-$J$4) -> 14 | O4: =ABS(E4-$J$5) -> 29 | P4: =ABS(F4-$J$6) -> 16 | S4: =MEDIAN(M2:M24095) -> 9 | T4: PM10 | U4: =CORREL($C:$C,A:A) -> 0.26626195 | V4: =CORREL($C:$C,B:B) -> 0.47055828 | W4: =CORREL($C:$C,C:C) -> 1 | X4: =CORREL($C:$C,D:D) -> 0.34107521 | Y4: =CORREL($C:$C,E:E) -> 0.51268718 | Z4: =CORREL($C:$C,F:F) -> 0.86945087
A5: 2 | B5: 18 | C5: 63 | D5: 72 | E5: 22 | F5: 114 | J5: =MEDIAN(E:E) -> 40 | K5: =ABS(A5-$J$1) -> 0 | L5: =ABS(B5-$J$2) -> 15 | M5: =ABS(C5-$J$3) -> 40 | N5: =ABS(D5-$J$4) -> 49 | O5: =ABS(E5-$J$5) -> 18 | P5: =ABS(F5-$J$6) -> 76 | S5: =MEDIAN(N2:N24095) -> 10 | T5: NO2 | U5: =CORREL($D:$D,A:A) -> 0.26602225 | V5: =CORREL($D:$D,B:B) -> 0.73528034 | W5: =CORREL($D:$D,C:C) -> 0.34107521 | X5: =CORREL($D:$D,D:D) -> 1 | Y5: =CORREL($D:$D,E:E) -> 0.090471209 | Z5: =CORREL($D:$D,F:F) -> 0.43446792
A6: 2 | B6: 18 | C6: 46 | D6: 79 | E6: 32 | F6: 76 | J6: =MEDIAN(F:F) -> 38 | K6: =ABS(A6-$J$1) -> 0 | L6: =ABS(B6-$J$2) -> 15 | M6: =ABS(C6-$J$3) -> 23 | N6: =ABS(D6-$J$4) -> 56 | O6: =ABS(E6-$J$5) -> 8 | P6: =ABS(F6-$J$6) -> 38 | S6: =MEDIAN(O2:O24095) -> 9 | T6: O3 | U6: =CORREL($E:$E,A:A) -> 0.17722609 | V6: =CORREL($E:$E,B:B) -> 0.19676852 | W6: =CORREL($E:$E,C:C) -> 0.51268718 | X6: =CORREL($E:$E,D:D) -> 0.090471209 | Y6: =CORREL($E:$E,E:E) -> 1 | Z6: =CORREL($E:$E,F:F) -> 0.47716575
A7: 5 | B7: 18 | C7: 38 | D7: 57 | E7: 44 | F7: 84 | K7: =ABS(A7-$J$1) -> 3 | L7: =ABS(B7-$J$2) -> 15 | M7: =ABS(C7-$J$3) -> 15 | N7: =ABS(D7-$J$4) -> 34 | O7: =ABS(E7-$J$5) -> 4 | P7: =ABS(F7-$J$6) -> 46 | S7: =MEDIAN(P2:P24095) -> 18 | T7: PM2.5 | V7: =CORREL($F:$F,B:B) -> 0.59237894 | W7: =CORREL($F:$F,C:C) -> 0.86945087 | X7: =CORREL($F:$F,D:D) -> 0.43446792 | Y7: =CORREL($F:$F,E:E) -> 0.47716575 | Z7: =CORREL($F:$F,F:F) -> 1
A8: 5 | B8: 18 | C8: 32 | D8: 51 | E8: 50 | F8: 63 | K8: =ABS(A8-$J$1) -> 3 | L8: =ABS(B8-$J$2) -> 15 | M8: =ABS(C8-$J$3) -> 9 | N8: =ABS(D8-$J$4) -> 28 | O8: =ABS(E8-$J$5) -> 10 | P8: =ABS(F8-$J$6) -> 25
A9: 2 | B9: 17 | C9: 54 | D9: 7 | E9: 43 | F9: 23 | K9: =ABS(A9-$J$1) -> 0 | L9: =ABS(B9-$J$2) -> 14 | M9: =ABS(C9-$J$3) -> 31 | N9: =ABS(D9-$J$4) -> 16 | O9: =ABS(E9-$J$5) -> 3 | P9: =ABS(F9-$J$6) -> 15
A10: 8 | B10: 17 | C10: 52 | D10: 82 | E10: 19 | F10: 110 | K10: =ABS(A10-$J$1) -> 6 | L10: =ABS(B10-$J$2) -> 14 | M10: =ABS(C10-$J$3) -> 29 | N10: =ABS(D10-$J$4) -> 59 | O10: =ABS(E10-$J$5) -> 21 | P10: =ABS(F10-$J$6) -> 72
A11: 8 | B11: 17 | C11: 48 | D11: 71 | E11: 24 | F11: 83 | K11: =ABS(A11-$J$1) -> 6 | L11: =ABS(B11-$J$2) -> 14 | M11: =ABS(C11-$J$3) -> 25 | N11: =ABS(D11-$J$4) -> 48 | O11: =ABS(E11-$J$5) -> 16 | P11: =ABS(F11-$J$6) -> 45
A12: 5 | B12: 17 | C12: 36 | D12: 60 | E12: 44 | F12: 64 | K12: =ABS(A12-$J$1) -> 3 | L12: =ABS(B12-$J$2) -> 14 | M12: =ABS(C12-$J$3) -> 13 | N12: =ABS(D12-$J$4) -> 37 | O12: =ABS(E12-$J$5) -> 4 | P12: =ABS(F12-$J$6) -> 26
A13: 5 | B13: 16 | C13: 58 | D13: 82 | E13: 14 | F13: 98 | K13: =ABS(A13-$J$1) -> 3 | L13: =ABS(B13-$J$2) -> 13 | M13: =ABS(C13-$J$3) -> 35 | N13: =ABS(D13-$J$4) -> 59 | O13: =ABS(E13-$J$5) -> 26 | P13: =ABS(F13-$J$6) -> 60
A14: 2 | B14: 16 | C14: 50 | D14: 82 | E14: 31 | F14: 94 | K14: =ABS(A14-$J$1) -> 0 | L14: =ABS(B14-$J$2) -> 13 | M14: =ABS(C14-$J$3) -> 27 | N14: =ABS(D14-$J$4) -> 59 | O14: =ABS(E14-$J$5) -> 9 | P14: =ABS(F14-$J$6) -> 56
A15: 2 | B15: 16 | C15: 50 | D15: 64 | E15: 35 | F15: 81 | K15: =ABS(A15-$J$1) -> 0 | L15: =ABS(B15-$J$2) -> 13 | M15: =ABS(C15-$J$3) -> 27 | N15: =ABS(D15-$J$4) -> 41 | O15: =ABS(E15-$J$5) -> 5 | P15: =ABS(F15-$J$6) -> 43
A16: 2 | B16: 16 | C16: 41 | D16: 74 | E16: 37 | F16: 72 | K16: =ABS(A16-$J$1) -> 0 | L16: =ABS(B16-$J$2) -> 13 | M16: =ABS(C16-$J$3) -> 18 | N16: =ABS(D16-$J$4) -> 51 | O16: =ABS(E16-$J$5) -> 3 | P16: =ABS(F16-$J$6) -> 34
A17: 5 | B17: 16 | C17: 32 | D17: 67 | E17: 24 | F17: 60 | K17: =ABS(A17-$J$1) -> 3 | L17: =ABS(B17-$J$2) -> 13 | M17: =ABS(C17-$J$3) -> 9 | N17: =ABS(D17-$J$4) -> 44 | O17: =ABS(E17-$J$5) -> 16 | P17: =ABS(F17-$J$6) -> 22
A18: 2 | B18: 15 | C18: 61 | D18: 68 | E18: 27 | F18: 121 | K18: =ABS(A18-$J$1) -> 0 | L18: =ABS(B18-$J$2) -> 12 | M18: =ABS(C18-$J$3) -> 38 | N18: =ABS(D18-$J$4) -> 45 | O18: =ABS(E18-$J$5) -> 13 | P18: =ABS(F18-$J$6) -> 83
A19: 5 | B19: 15 | C19: 57 | D19: 64 | E19: 16 | F19: 106 | K19: =ABS(A19-$J$1) -> 3 | L19: =ABS(B19-$J$2) -> 12 | M19: =ABS(C19-$J$3) -> 34 | N19: =ABS(D19-$J$4) -> 41 | O19: =ABS(E19-$J$5) -> 24 | P19: =ABS(F19-$J$6) -> 68
... A1599: 52 | B1599: 6 | C1599: 50 | D1599: 51 | E1599: 49 | F1599: 76 | K1599: =ABS(A1599-$J$1) -> 50 | L1599: =ABS(B1599-$J$2) -> 3 | M1599: =ABS(C1599-$J$3) -> 27 | N1599: =ABS(D1599-$J$4) -> 28 | O1599: =ABS(E1599-$J$5) -> 9 | P1599: =ABS(F1599-$J$6) -> 38
A1600: 10 | B1600: 6 | C1600: 50 | D1600: 51 | E1600: 45 | K1600: =ABS(A1600-$J$1) -> 8 | L1600: =ABS(B1600-$J$2) -> 3 | M1600: =ABS(C1600-$J$3) -> 27 | N1600: =ABS(D1600-$J$4) -> 28 | O1600: =ABS(E1600-$J$5) -> 5 | P1600: =ABS(F1600-$J$6) -> 38
A1601: 8 | B1601: 6 | C1601: 50 | D1601: 48 | E1601: 35 | F1601: 95 | K1601: =ABS(A1601-$J$1) -> 6 | L1601: =ABS(B1601-$J$2) -> 3 | M1601: =ABS(C1601-$J$3) -> 27 | N1601: =ABS(D1601-$J$4) -> 25 | O1601: =ABS(E1601-$J$5) -> 5 | P1601: =ABS(F1601-$J$6) -> 57
A1602: 22 | B1602: 6 | C1602: 50 | D1602: 47 | E1602: 84 | F1602: 89 | K1602: =ABS(A1602-$J$1) -> 20 | L1602: =ABS(B1602-$J$2) -> 3 | M1602: =ABS(C1602-$J$3) -> 27 | N1602: =ABS(D1602-$J$4) -> 24 | O1602: =ABS(E1602-$J$5) -> 44 | P1602: =ABS(F1602-$J$6) -> 51
A1603: 8 | B1603: 6 | C1603: 50 | D1603: 45 | E1603: 42 | F1603: 78 | K1603: =ABS(A1603-$J$1) -> 6 | L1603: =ABS(B1603-$J$2) -> 3 | M1603: =ABS(C1603-$J$3) -> 27 | N1603: =ABS(D1603-$J$4) -> 22 | O1603: =ABS(E1603-$J$5) -> 2 | P1603: =ABS(F1603-$J$6) -> 40
A1604: 2 | B1604: 6 | C1604: 50 | D1604: 42 | E1604: 129 | F1604: 77 | K1604: =ABS(A1604-$J$1) -> 0 | L1604: =ABS(B1604-$J$2) -> 3 | M1604: =ABS(C1604-$J$3) -> 27 | N1604: =ABS(D1604-$J$4) -> 19 | O1604: =ABS(E1604-$J$5) -> 89 | P1604: =ABS(F1604-$J$6) -> 39
A1605: 8 | B1605: 6 | C1605: 50 | D1605: 42 | E1605: 80 | F1605: 91 | K1605: =ABS(A1605-$J$1) -> 6 | L1605: =ABS(B1605-$J$2) -> 3 | M1605: =ABS(C1605-$J$3) -> 27 | N1605: =ABS(D1605-$J$4) -> 19 | O1605: =ABS(E1605-$J$5) -> 40 | P1605: =ABS(F1605-$J$6) -> 53
A1606: 2 | B1606: 6 | C1606: 50 | D1606: 42 | E1606: 61 | F1606: 116 | K1606: =ABS(A1606-$J$1) -> 0 | L1606: =ABS(B1606-$J$2) -> 3 | M1606: =ABS(C1606-$J$3) -> 27 | N1606: =ABS(D1606-$J$4) -> 19 | O1606: =ABS(E1606-$J$5) -> 21 | P1606: =ABS(F1606-$J$6) -> 78
A1607: 5 | B1607: 6 | C1607: 50 | D1607: 40 | E1607: 40 | F1607: 81 | K1607: =ABS(A1607-$J$1) -> 3 | L1607: =ABS(B1607-$J$2) -> 3 | M1607: =ABS(C1607-$J$3) -> 27 | N1607: =ABS(D1607-$J$4) -> 17 | O1607: =ABS(E1607-$J$5) -> 0 | P1607: =ABS(F1607-$J$6) -> 43
A1608: 5 | B1608: 6 | C1608: 50 | D1608: 38 | E1608: 36 | F1608: 93 | K1608: =ABS(A1608-$J$1) -> 3 | L1608: =ABS(B1608-$J$2) -> 3 | M1608: =ABS(C1608-$J$3) -> 27 | N1608: =ABS(D1608-$J$4) -> 15 | O1608: =ABS(E1608-$J$5) -> 4 | P1608: =ABS(F1608-$J$6) -> 55
A1609: 8 | B1609: 6 | C1609: 50 | D1609: 37 | E1609: 129 | F1609: 85 | K1609: =ABS(A1609-$J$1) -> 6 | L1609: =ABS(B1609-$J$2) -> 3 | M1609: =ABS(C1609-$J$3) -> 27 | N1609: =ABS(D1609-$J$4) -> 14 | O1609: =ABS(E1609-$J$5) -> 89 | P1609: =ABS(F1609-$J$6) -> 47
A1610: 2 | B1610: 6 | C1610: 50 | D1610: 37 | E1610: 44 | F1610: 88 | K1610: =ABS(A1610-$J$1) -> 0 | L1610: =ABS(B1610-$J$2) -> 3 | M1610: =ABS(C1610-$J$3) -> 27 | N1610: =ABS(D1610-$J$4) -> 14 | O1610: =ABS(E1610-$J$5) -> 4 | P1610: =ABS(F1610-$J$6) -> 50
A1611: 8 | B1611: 6 | C1611: 50 | D1611: 35 | E1611: 126 | F1611: 82 | K1611: =ABS(A1611-$J$1) -> 6 | L1611: =ABS(B1611-$J$2) -> 3 | M1611: =ABS(C1611-$J$3) -> 27 | N1611: =ABS(D1611-$J$4) -> 12 | O1611: =ABS(E1611-$J$5) -> 86 | P1611: =ABS(F1611-$J$6) -> 44
A1612: 5 | B1612: 6 | C1612: 50 | D1612: 33 | E1612: 71 | F1612: 63 | K1612: =ABS(A1612-$J$1) -> 3 | L1612: =ABS(B1612-$J$2) -> 3 | M1612: =ABS(C1612-$J$3) -> 27 | N1612: =ABS(D1612-$J$4) -> 10 | O1612: =ABS(E1612-$J$5) -> 31 | P1612: =ABS(F1612-$J$6) -> 25
... A2634: 2 | B2634: 6 | C2634: 17 | D2634: 48 | E2634: 27 | F2634: 21 | K2634: =ABS(A2634-$J$1) -> 0 | L2634: =ABS(B2634-$J$2) -> 3 | M2634: =ABS(C2634-$J$3) -> 6 | N2634: =ABS(D2634-$J$4) -> 25 | O2634: =ABS(E2634-$J$5) -> 13 | P2634: =ABS(F2634-$J$6) -> 17
A2635: 2 | B2635: 6 | C2635: 17 | D2635: 47 | E2635: 27 | K2635: =ABS(A2635-$J$1) -> 0 | L2635: =ABS(B2635-$J$2) -> 3 | M2635: =ABS(C2635-$J$3) -> 6 | N2635: =ABS(D2635-$J$4) -> 24 | O2635: =ABS(E2635-$J$5) -> 13 | P2635: =ABS(F2635-$J$6) -> 38
A2636: 2 | B2636: 6 | C2636: 17 | D2636: 45 | E2636: 26 | F2636: 29 | K2636: =ABS(A2636-$J$1) -> 0 | L2636: =ABS(B2636-$J$2) -> 3 | M2636: =ABS(C2636-$J$3) -> 6 | N2636: =ABS(D2636-$J$4) -> 22 | O2636: =ABS(E2636-$J$5) -> 14 | P2636: =ABS(F2636-$J$6) -> 9
A2637: 5 | B2637: 6 | C2637: 17 | D2637: 45 | E2637: 25 | F2637: 34 | K2637: =ABS(A2637-$J$1) -> 3 | L2637: =ABS(B2637-$J$2) -> 3 | M2637: =ABS(C2637-$J$3) -> 6 | N2637: =ABS(D2637-$J$4) -> 22 | O2637: =ABS(E2637-$J$5) -> 15 | P2637: =ABS(F2637-$J$6) -> 4
A2638: 2 | B2638: 6 | C2638: 17 | D2638: 45 | E2638: 23 | F2638: 37 | K2638: =ABS(A2638-$J$1) -> 0 | L2638: =ABS(B2638-$J$2) -> 3 | M2638: =ABS(C2638-$J$3) -> 6 | N2638: =ABS(D2638-$J$4) -> 22 | O2638: =ABS(E2638-$J$5) -> 17 | P2638: =ABS(F2638-$J$6) -> 1
A2639: 2 | B2639: 6 | C2639: 17 | D2639: 43 | E2639: 30 | F2639: 37 | K2639: =ABS(A2639-$J$1) -> 0 | L2639: =ABS(B2639-$J$2) -> 3 | M2639: =ABS(C2639-$J$3) -> 6 | N2639: =ABS(D2639-$J$4) -> 20 | O2639: =ABS(E2639-$J$5) -> 10 | P2639: =ABS(F2639-$J$6) -> 1
A2640: 2 | B2640: 6 | C2640: 17 | D2640: 40 | E2640: 29 | F2640: 24 | K2640: =ABS(A2640-$J$1) -> 0 | L2640: =ABS(B2640-$J$2) -> 3 | M2640: =ABS(C2640-$J$3) -> 6 | N2640: =ABS(D2640-$J$4) -> 17 | O2640: =ABS(E2640-$J$5) -> 11 | P2640: =ABS(F2640-$J$6) -> 14
A2641: 2 | B2641: 6 | C2641: 17 | D2641: 38 | E2641: 24 | F2641: 33 | K2641: =ABS(A2641-$J$1) -> 0 | L2641: =ABS(B2641-$J$2) -> 3 | M2641: =ABS(C2641-$J$3) -> 6 | N2641: =ABS(D2641-$J$4) -> 15 | O2641: =ABS(E2641-$J$5) -> 16 | P2641: =ABS(F2641-$J$6) -> 5
A2642: 8 | B2642: 6 | C2642: 17 | D2642: 38 | E2642: 19 | F2642: 31 | K2642: =ABS(A2642-$J$1) -> 6 | L2642: =ABS(B2642-$J$2) -> 3 | M2642: =ABS(C2642-$J$3) -> 6 | N2642: =ABS(D2642-$J$4) -> 15 | O2642: =ABS(E2642-$J$5) -> 21 | P2642: =ABS(F2642-$J$6) -> 7
A2643: 2 | B2643: 6 | C2643: 17 | D2643: 37 | E2643: 29 | F2643: 30 | K2643: =ABS(A2643-$J$1) -> 0 | L2643: =ABS(B2643-$J$2) -> 3 | M2643: =ABS(C2643-$J$3) -> 6 | N2643: =ABS(D2643-$J$4) -> 14 | O2643: =ABS(E2643-$J$5) -> 11 | P2643: =ABS(F2643-$J$6) -> 8
A2644: 0 | B2644: 6 | C2644: 17 | D2644: 33 | E2644: 9 | F2644: 11 | K2644: =ABS(A2644-$J$1) -> 2 | L2644: =ABS(B2644-$J$2) -> 3 | M2644: =ABS(C2644-$J$3) -> 6 | N2644: =ABS(D2644-$J$4) -> 10 | O2644: =ABS(E2644-$J$5) -> 31 | P2644: =ABS(F2644-$J$6) -> 27
A2645: 18 | B2645: 6 | C2645: 17 | D2645: 32 | E2645: 23 | F2645: 32 | K2645: =ABS(A2645-$J$1) -> 16 | L2645: =ABS(B2645-$J$2) -> 3 | M2645: =ABS(C2645-$J$3) -> 6 | N2645: =ABS(D2645-$J$4) -> 9 | O2645: =ABS(E2645-$J$5) -> 17 | P2645: =ABS(F2645-$J$6) -> 6
A2646: 5 | B2646: 6 | C2646: 17 | D2646: 28 | E2646: 33 | F2646: 34 | K2646: =ABS(A2646-$J$1) -> 3 | L2646: =ABS(B2646-$J$2) -> 3 | M2646: =ABS(C2646-$J$3) -> 6 | N2646: =ABS(D2646-$J$4) -> 5 | O2646: =ABS(E2646-$J$5) -> 7 | P2646: =ABS(F2646-$J$6) -> 4
A2647: 5 | B2647: 6 | C2647: 17 | D2647: 28 | E2647: 33 | F2647: 31 | K2647: =ABS(A2647-$J$1) -> 3 | L2647: =ABS(B2647-$J$2) -> 3 | M2647: =ABS(C2647-$J$3) -> 6 | N2647: =ABS(D2647-$J$4) -> 5 | O2647: =ABS(E2647-$J$5) -> 7 | P2647: =ABS(F2647-$J$6) -> 7
... A4214: 12 | B4214: 5 | C4214: 42 | D4214: 15 | E4214: 129 | F4214: 65 | K4214: =ABS(A4214-$J$1) -> 10 | L4214: =ABS(B4214-$J$2) -> 2 | M4214: =ABS(C4214-$J$3) -> 19 | N4214: =ABS(D4214-$J$4) -> 8 | O4214: =ABS(E4214-$J$5) -> 89 | P4214: =ABS(F4214-$J$6) -> 27
A4215: 5 | B4215: 5 | C4215: 42 | D4215: 12 | E4215: 80 | K4215: =ABS(A4215-$J$1) -> 3 | L4215: =ABS(B4215-$J$2) -> 2 | M4215: =ABS(C4215-$J$3) -> 19 | N4215: =ABS(D4215-$J$4) -> 11 | O4215: =ABS(E4215-$J$5) -> 40 | P4215: =ABS(F4215-$J$6) -> 38
A4216: 18 | B4216: 5 | C4216: 41 | D4216: 57 | E4216: 44 | F4216: 69 | K4216: =ABS(A4216-$J$1) -> 16 | L4216: =ABS(B4216-$J$2) -> 2 | M4216: =ABS(C4216-$J$3) -> 18 | N4216: =ABS(D4216-$J$4) -> 34 | O4216: =ABS(E4216-$J$5) -> 4 | P4216: =ABS(F4216-$J$6) -> 31
A4217: 8 | B4217: 5 | C4217: 41 | D4217: 52 | E4217: 100 | F4217: 52 | K4217: =ABS(A4217-$J$1) -> 6 | L4217: =ABS(B4217-$J$2) -> 2 | M4217: =ABS(C4217-$J$3) -> 18 | N4217: =ABS(D4217-$J$4) -> 29 | O4217: =ABS(E4217-$J$5) -> 60 | P4217: =ABS(F4217-$J$6) -> 14
A4218: 30 | B4218: 5 | C4218: 41 | D4218: 50 | E4218: 16 | F4218: 76 | K4218: =ABS(A4218-$J$1) -> 28 | L4218: =ABS(B4218-$J$2) -> 2 | M4218: =ABS(C4218-$J$3) -> 18 | N4218: =ABS(D4218-$J$4) -> 27 | O4218: =ABS(E4218-$J$5) -> 24 | P4218: =ABS(F4218-$J$6) -> 38
A4219: 5 | B4219: 5 | C4219: 41 | D4219: 48 | E4219: 41 | F4219: 67 | K4219: =ABS(A4219-$J$1) -> 3 | L4219: =ABS(B4219-$J$2) -> 2 | M4219: =ABS(C4219-$J$3) -> 18 | N4219: =ABS(D4219-$J$4) -> 25 | O4219: =ABS(E4219-$J$5) -> 1 | P4219: =ABS(F4219-$J$6) -> 29
A4220: 5 | B4220: 5 | C4220: 41 | D4220: 47 | E4220: 112 | F4220: 56 | K4220: =ABS(A4220-$J$1) -> 3 | L4220: =ABS(B4220-$J$2) -> 2 | M4220: =ABS(C4220-$J$3) -> 18 | N4220: =ABS(D4220-$J$4) -> 24 | O4220: =ABS(E4220-$J$5) -> 72 | P4220: =ABS(F4220-$J$6) -> 18
A4221: 8 | B4221: 5 | C4221: 41 | D4221: 47 | E4221: 77 | F4221: 72 | K4221: =ABS(A4221-$J$1) -> 6 | L4221: =ABS(B4221-$J$2) -> 2 | M4221: =ABS(C4221-$J$3) -> 18 | N4221: =ABS(D4221-$J$4) -> 24 | O4221: =ABS(E4221-$J$5) -> 37 | P4221: =ABS(F4221-$J$6) -> 34
A4222: 8 | B4222: 5 | C4222: 41 | D4222: 47 | E4222: 44 | F4222: 71 | K4222: =ABS(A4222-$J$1) -> 6 | L4222: =ABS(B4222-$J$2) -> 2 | M4222: =ABS(C4222-$J$3) -> 18 | N4222: =ABS(D4222-$J$4) -> 24 | O4222: =ABS(E4222-$J$5) -> 4 | P4222: =ABS(F4222-$J$6) -> 33
A4223: 5 | B4223: 5 | C4223: 41 | D4223: 47 | E4223: 18 | F4223: 75 | K4223: =ABS(A4223-$J$1) -> 3 | L4223: =ABS(B4223-$J$2) -> 2 | M4223: =ABS(C4223-$J$3) -> 18 | N4223: =ABS(D4223-$J$4) -> 24 | O4223: =ABS(E4223-$J$5) -> 22 | P4223: =ABS(F4223-$J$6) -> 37
A4224: 2 | B4224: 5 | C4224: 41 | D4224: 45 | E4224: 35 | F4224: 44 | K4224: =ABS(A4224-$J$1) -> 0 | L4224: =ABS(B4224-$J$2) -> 2 | M4224: =ABS(C4224-$J$3) -> 18 | N4224: =ABS(D4224-$J$4) -> 22 | O4224: =ABS(E4224-$J$5) -> 5 | P4224: =ABS(F4224-$J$6) -> 6
A4225: 8 | B4225: 5 | C4225: 41 | D4225: 45 | E4225: 26 | F4225: 82 | K4225: =ABS(A4225-$J$1) -> 6 | L4225: =ABS(B4225-$J$2) -> 2 | M4225: =ABS(C4225-$J$3) -> 18 | N4225: =ABS(D4225-$J$4) -> 22 | O4225: =ABS(E4225-$J$5) -> 14 | P4225: =ABS(F4225-$J$6) -> 44
A4226: 8 | B4226: 5 | C4226: 41 | D4226: 43 | E4226: 61 | F4226: 64 | K4226: =ABS(A4226-$J$1) -> 6 | L4226: =ABS(B4226-$J$2) -> 2 | M4226: =ABS(C4226-$J$3) -> 18 | N4226: =ABS(D4226-$J$4) -> 20 | O4226: =ABS(E4226-$J$5) -> 21 | P4226: =ABS(F4226-$J$6) -> 26
A4227: 2 | B4227: 5 | C4227: 41 | D4227: 43 | E4227: 48 | F4227: 67 | K4227: =ABS(A4227-$J$1) -> 0 | L4227: =ABS(B4227-$J$2) -> 2 | M4227: =ABS(C4227-$J$3) -> 18 | N4227: =ABS(D4227-$J$4) -> 20 | O4227: =ABS(E4227-$J$5) -> 8 | P4227: =ABS(F4227-$J$6) -> 29
... A5503: 0 | B5503: 5 | C5503: 26 | D5503: 37 | E5503: 40 | F5503: 40 | K5503: =ABS(A5503-$J$1) -> 2 | L5503: =ABS(B5503-$J$2) -> 2 | M5503: =ABS(C5503-$J$3) -> 3 | N5503: =ABS(D5503-$J$4) -> 14 | O5503: =ABS(E5503-$J$5) -> 0 | P5503: =ABS(F5503-$J$6) -> 2
A5504: 2 | B5504: 5 | C5504: 26 | D5504: 37 | E5504: 38 | K5504: =ABS(A5504-$J$1) -> 0 | L5504: =ABS(B5504-$J$2) -> 2 | M5504: =ABS(C5504-$J$3) -> 3 | N5504: =ABS(D5504-$J$4) -> 14 | O5504: =ABS(E5504-$J$5) -> 2 | P5504: =ABS(F5504-$J$6) -> 38
A5505: 20 | B5505: 5 | C5505: 26 | D5505: 37 | E5505: 38 | F5505: 48 | K5505: =ABS(A5505-$J$1) -> 18 | L5505: =ABS(B5505-$J$2) -> 2 | M5505: =ABS(C5505-$J$3) -> 3 | N5505: =ABS(D5505-$J$4) -> 14 | O5505: =ABS(E5505-$J$5) -> 2 | P5505: =ABS(F5505-$J$6) -> 10
A5506: 10 | B5506: 5 | C5506: 26 | D5506: 37 | E5506: 37 | F5506: 55 | K5506: =ABS(A5506-$J$1) -> 8 | L5506: =ABS(B5506-$J$2) -> 2 | M5506: =ABS(C5506-$J$3) -> 3 | N5506: =ABS(D5506-$J$4) -> 14 | O5506: =ABS(E5506-$J$5) -> 3 | P5506: =ABS(F5506-$J$6) -> 17
A5507: 8 | B5507: 5 | C5507: 26 | D5507: 37 | E5507: 36 | F5507: 54 | K5507: =ABS(A5507-$J$1) -> 6 | L5507: =ABS(B5507-$J$2) -> 2 | M5507: =ABS(C5507-$J$3) -> 3 | N5507: =ABS(D5507-$J$4) -> 14 | O5507: =ABS(E5507-$J$5) -> 4 | P5507: =ABS(F5507-$J$6) -> 16
A5508: 2 | B5508: 5 | C5508: 26 | D5508: 37 | E5508: 33 | F5508: 52 | K5508: =ABS(A5508-$J$1) -> 0 | L5508: =ABS(B5508-$J$2) -> 2 | M5508: =ABS(C5508-$J$3) -> 3 | N5508: =ABS(D5508-$J$4) -> 14 | O5508: =ABS(E5508-$J$5) -> 7 | P5508: =ABS(F5508-$J$6) -> 14
A5509: 2 | B5509: 5 | C5509: 26 | D5509: 35 | E5509: 71 | F5509: 35 | K5509: =ABS(A5509-$J$1) -> 0 | L5509: =ABS(B5509-$J$2) -> 2 | M5509: =ABS(C5509-$J$3) -> 3 | N5509: =ABS(D5509-$J$4) -> 12 | O5509: =ABS(E5509-$J$5) -> 31 | P5509: =ABS(F5509-$J$6) -> 3
A5510: 2 | B5510: 5 | C5510: 26 | D5510: 35 | E5510: 58 | F5510: 44 | K5510: =ABS(A5510-$J$1) -> 0 | L5510: =ABS(B5510-$J$2) -> 2 | M5510: =ABS(C5510-$J$3) -> 3 | N5510: =ABS(D5510-$J$4) -> 12 | O5510: =ABS(E5510-$J$5) -> 18 | P5510: =ABS(F5510-$J$6) -> 6
A5511: 8 | B5511: 5 | C5511: 26 | D5511: 35 | E5511: 51 | F5511: 52 | K5511: =ABS(A5511-$J$1) -> 6 | L5511: =ABS(B5511-$J$2) -> 2 | M5511: =ABS(C5511-$J$3) -> 3 | N5511: =ABS(D5511-$J$4) -> 12 | O5511: =ABS(E5511-$J$5) -> 11 | P5511: =ABS(F5511-$J$6) -> 14
A5512: 2 | B5512: 5 | C5512: 26 | D5512: 35 | E5512: 46 | F5512: 58 | K5512: =ABS(A5512-$J$1) -> 0 | L5512: =ABS(B5512-$J$2) -> 2 | M5512: =ABS(C5512-$J$3) -> 3 | N5512: =ABS(D5512-$J$4) -> 12 | O5512: =ABS(E5512-$J$5) -> 6 | P5512: =ABS(F5512-$J$6) -> 20
A5513: 5 | B5513: 5 | C5513: 26 | D5513: 35 | E5513: 45 | F5513: 62 | K5513: =ABS(A5513-$J$1) -> 3 | L5513: =ABS(B5513-$J$2) -> 2 | M5513: =ABS(C5513-$J$3) -> 3 | N5513: =ABS(D5513-$J$4) -> 12 | O5513: =ABS(E5513-$J$5) -> 5 | P5513: =ABS(F5513-$J$6) -> 24
A5514: 18 | B5514: 5 | C5514: 26 | D5514: 35 | E5514: 25 | F5514: 46 | K5514: =ABS(A5514-$J$1) -> 16 | L5514: =ABS(B5514-$J$2) -> 2 | M5514: =ABS(C5514-$J$3) -> 3 | N5514: =ABS(D5514-$J$4) -> 12 | O5514: =ABS(E5514-$J$5) -> 15 | P5514: =ABS(F5514-$J$6) -> 8
A5515: 2 | B5515: 5 | C5515: 26 | D5515: 33 | E5515: 36 | F5515: 36 | K5515: =ABS(A5515-$J$1) -> 0 | L5515: =ABS(B5515-$J$2) -> 2 | M5515: =ABS(C5515-$J$3) -> 3 | N5515: =ABS(D5515-$J$4) -> 10 | O5515: =ABS(E5515-$J$5) -> 4 | P5515: =ABS(F5515-$J$6) -> 2
A5516: 5 | B5516: 5 | C5516: 26 | D5516: 33 | E5516: 24 | F5516: 48 | K5516: =ABS(A5516-$J$1) -> 3 | L5516: =ABS(B5516-$J$2) -> 2 | M5516: =ABS(C5516-$J$3) -> 3 | N5516: =ABS(D5516-$J$4) -> 10 | O5516: =ABS(E5516-$J$5) -> 16 | P5516: =ABS(F5516-$J$6) -> 10
... A5859: 5 | B5859: 5 | C5859: 22 | D5859: 38 | E5859: 44 | F5859: 39 | K5859: =ABS(A5859-$J$1) -> 3 | L5859: =ABS(B5859-$J$2) -> 2 | M5859: =ABS(C5859-$J$3) -> 1 | N5859: =ABS(D5859-$J$4) -> 15 | O5859: =ABS(E5859-$J$5) -> 4 | P5859: =ABS(F5859-$J$6) -> 1
A5860: 10 | B5860: 5 | C5860: 22 | D5860: 38 | E5860: 31 | K5860: =ABS(A5860-$J$1) -> 8 | L5860: =ABS(B5860-$J$2) -> 2 | M5860: =ABS(C5860-$J$3) -> 1 | N5860: =ABS(D5860-$J$4) -> 15 | O5860: =ABS(E5860-$J$5) -> 9 | P5860: =ABS(F5860-$J$6) -> 38
A5861: 5 | B5861: 5 | C5861: 22 | D5861: 38 | E5861: 30 | F5861: 52 | K5861: =ABS(A5861-$J$1) -> 3 | L5861: =ABS(B5861-$J$2) -> 2 | M5861: =ABS(C5861-$J$3) -> 1 | N5861: =ABS(D5861-$J$4) -> 15 | O5861: =ABS(E5861-$J$5) -> 10 | P5861: =ABS(F5861-$J$6) -> 14
A5862: 18 | B5862: 5 | C5862: 22 | D5862: 38 | E5862: 28 | F5862: 33 | K5862: =ABS(A5862-$J$1) -> 16 | L5862: =ABS(B5862-$J$2) -> 2 | M5862: =ABS(C5862-$J$3) -> 1 | N5862: =ABS(D5862-$J$4) -> 15 | O5862: =ABS(E5862-$J$5) -> 12 | P5862: =ABS(F5862-$J$6) -> 5
A5863: 2 | B5863: 5 | C5863: 22 | D5863: 38 | E5863: 23 | F5863: 43 | K5863: =ABS(A5863-$J$1) -> 0 | L5863: =ABS(B5863-$J$2) -> 2 | M5863: =ABS(C5863-$J$3) -> 1 | N5863: =ABS(D5863-$J$4) -> 15 | O5863: =ABS(E5863-$J$5) -> 17 | P5863: =ABS(F5863-$J$6) -> 5
A5864: 5 | B5864: 5 | C5864: 22 | D5864: 37 | E5864: 100 | F5864: 43 | K5864: =ABS(A5864-$J$1) -> 3 | L5864: =ABS(B5864-$J$2) -> 2 | M5864: =ABS(C5864-$J$3) -> 1 | N5864: =ABS(D5864-$J$4) -> 14 | O5864: =ABS(E5864-$J$5) -> 60 | P5864: =ABS(F5864-$J$6) -> 5
A5865: 2 | B5865: 5 | C5865: 22 | D5865: 37 | E5865: 48 | F5865: 34 | K5865: =ABS(A5865-$J$1) -> 0 | L5865: =ABS(B5865-$J$2) -> 2 | M5865: =ABS(C5865-$J$3) -> 1 | N5865: =ABS(D5865-$J$4) -> 14 | O5865: =ABS(E5865-$J$5) -> 8 | P5865: =ABS(F5865-$J$6) -> 4
A5866: 10 | B5866: 5 | C5866: 22 | D5866: 37 | E5866: 47 | F5866: 48 | K5866: =ABS(A5866-$J$1) -> 8 | L5866: =ABS(B5866-$J$2) -> 2 | M5866: =ABS(C5866-$J$3) -> 1 | N5866: =ABS(D5866-$J$4) -> 14 | O5866: =ABS(E5866-$J$5) -> 7 | P5866: =ABS(F5866-$J$6) -> 10
A5867: 5 | B5867: 5 | C5867: 22 | D5867: 37 | E5867: 46 | F5867: 40 | K5867: =ABS(A5867-$J$1) -> 3 | L5867: =ABS(B5867-$J$2) -> 2 | M5867: =ABS(C5867-$J$3) -> 1 | N5867: =ABS(D5867-$J$4) -> 14 | O5867: =ABS(E5867-$J$5) -> 6 | P5867: =ABS(F5867-$J$6) -> 2
A5868: 0 | B5868: 5 | C5868: 22 | D5868: 37 | E5868: 38 | F5868: 29 | K5868: =ABS(A5868-$J$1) -> 2 | L5868: =ABS(B5868-$J$2) -> 2 | M5868: =ABS(C5868-$J$3) -> 1 | N5868: =ABS(D5868-$J$4) -> 14 | O5868: =ABS(E5868-$J$5) -> 2 | P5868: =ABS(F5868-$J$6) -> 9
A5869: 5 | B5869: 5 | C5869: 22 | D5869: 37 | E5869: 35 | F5869: 41 | K5869: =ABS(A5869-$J$1) -> 3 | L5869: =ABS(B5869-$J$2) -> 2 | M5869: =ABS(C5869-$J$3) -> 1 | N5869: =ABS(D5869-$J$4) -> 14 | O5869: =ABS(E5869-$J$5) -> 5 | P5869: =ABS(F5869-$J$6) -> 3
A5870: 2 | B5870: 5 | C5870: 22 | D5870: 37 | E5870: 34 | F5870: 44 | K5870: =ABS(A5870-$J$1) -> 0 | L5870: =ABS(B5870-$J$2) -> 2 | M5870: =ABS(C5870-$J$3) -> 1 | N5870: =ABS(D5870-$J$4) -> 14 | O5870: =ABS(E5870-$J$5) -> 6 | P5870: =ABS(F5870-$J$6) -> 6
A5871: 2 | B5871: 5 | C5871: 22 | D5871: 37 | E5871: 34 | F5871: 44 | K5871: =ABS(A5871-$J$1) -> 0 | L5871: =ABS(B5871-$J$2) -> 2 | M5871: =ABS(C5871-$J$3) -> 1 | N5871: =ABS(D5871-$J$4) -> 14 | O5871: =ABS(E5871-$J$5) -> 6 | P5871: =ABS(F5871-$J$6) -> 6
A5872: 2 | B5872: 5 | C5872: 22 | D5872: 37 | E5872: 30 | F5872: 53 | K5872: =ABS(A5872-$J$1) -> 0 | L5872: =ABS(B5872-$J$2) -> 2 | M5872: =ABS(C5872-$J$3) -> 1 | N5872: =ABS(D5872-$J$4) -> 14 | O5872: =ABS(E5872-$J$5) -> 10 | P5872: =ABS(F5872-$J$6) -> 15
... A6338: 2 | B6338: 5 | C6338: 16 | D6338: 37 | E6338: 45 | F6338: 38 | K6338: =ABS(A6338-$J$1) -> 0 | L6338: =ABS(B6338-$J$2) -> 2 | M6338: =ABS(C6338-$J$3) -> 7 | N6338: =ABS(D6338-$J$4) -> 14 | O6338: =ABS(E6338-$J$5) -> 5 | P6338: =ABS(F6338-$J$6) -> 0
A6339: 5 | B6339: 5 | C6339: 16 | D6339: 37 | E6339: 35 | K6339: =ABS(A6339-$J$1) -> 3 | L6339: =ABS(B6339-$J$2) -> 2 | M6339: =ABS(C6339-$J$3) -> 7 | N6339: =ABS(D6339-$J$4) -> 14 | O6339: =ABS(E6339-$J$5) -> 5 | P6339: =ABS(F6339-$J$6) -> 38
A6340: 10 | B6340: 5 | C6340: 16 | D6340: 37 | E6340: 34 | F6340: 26 | K6340: =ABS(A6340-$J$1) -> 8 | L6340: =ABS(B6340-$J$2) -> 2 | M6340: =ABS(C6340-$J$3) -> 7 | N6340: =ABS(D6340-$J$4) -> 14 | O6340: =ABS(E6340-$J$5) -> 6 | P6340: =ABS(F6340-$J$6) -> 12
A6341: 0 | B6341: 5 | C6341: 16 | D6341: 37 | E6341: 31 | F6341: 18 | K6341: =ABS(A6341-$J$1) -> 2 | L6341: =ABS(B6341-$J$2) -> 2 | M6341: =ABS(C6341-$J$3) -> 7 | N6341: =ABS(D6341-$J$4) -> 14 | O6341: =ABS(E6341-$J$5) -> 9 | P6341: =ABS(F6341-$J$6) -> 20
A6342: 2 | B6342: 5 | C6342: 16 | D6342: 37 | E6342: 31 | F6342: 47 | K6342: =ABS(A6342-$J$1) -> 0 | L6342: =ABS(B6342-$J$2) -> 2 | M6342: =ABS(C6342-$J$3) -> 7 | N6342: =ABS(D6342-$J$4) -> 14 | O6342: =ABS(E6342-$J$5) -> 9 | P6342: =ABS(F6342-$J$6) -> 9
A6343: 5 | B6343: 5 | C6343: 16 | D6343: 37 | E6343: 31 | F6343: 16 | K6343: =ABS(A6343-$J$1) -> 3 | L6343: =ABS(B6343-$J$2) -> 2 | M6343: =ABS(C6343-$J$3) -> 7 | N6343: =ABS(D6343-$J$4) -> 14 | O6343: =ABS(E6343-$J$5) -> 9 | P6343: =ABS(F6343-$J$6) -> 22
A6344: 0 | B6344: 5 | C6344: 16 | D6344: 37 | E6344: 19 | F6344: 27 | K6344: =ABS(A6344-$J$1) -> 2 | L6344: =ABS(B6344-$J$2) -> 2 | M6344: =ABS(C6344-$J$3) -> 7 | N6344: =ABS(D6344-$J$4) -> 14 | O6344: =ABS(E6344-$J$5) -> 21 | P6344: =ABS(F6344-$J$6) -> 11
A6345: 2 | B6345: 5 | C6345: 16 | D6345: 35 | E6345: 26 | F6345: 31 | K6345: =ABS(A6345-$J$1) -> 0 | L6345: =ABS(B6345-$J$2) -> 2 | M6345: =ABS(C6345-$J$3) -> 7 | N6345: =ABS(D6345-$J$4) -> 12 | O6345: =ABS(E6345-$J$5) -> 14 | P6345: =ABS(F6345-$J$6) -> 7
A6346: 2 | B6346: 5 | C6346: 16 | D6346: 35 | E6346: 22 | F6346: 26 | K6346: =ABS(A6346-$J$1) -> 0 | L6346: =ABS(B6346-$J$2) -> 2 | M6346: =ABS(C6346-$J$3) -> 7 | N6346: =ABS(D6346-$J$4) -> 12 | O6346: =ABS(E6346-$J$5) -> 18 | P6346: =ABS(F6346-$J$6) -> 12
A6347: 5 | B6347: 5 | C6347: 16 | D6347: 35 | E6347: 9 | F6347: 26 | K6347: =ABS(A6347-$J$1) -> 3 | L6347: =ABS(B6347-$J$2) -> 2 | M6347: =ABS(C6347-$J$3) -> 7 | N6347: =ABS(D6347-$J$4) -> 12 | O6347: =ABS(E6347-$J$5) -> 31 | P6347: =ABS(F6347-$J$6) -> 12
A6348: 18 | B6348: 5 | C6348: 16 | D6348: 33 | E6348: 45 | F6348: 44 | K6348: =ABS(A6348-$J$1) -> 16 | L6348: =ABS(B6348-$J$2) -> 2 | M6348: =ABS(C6348-$J$3) -> 7 | N6348: =ABS(D6348-$J$4) -> 10 | O6348: =ABS(E6348-$J$5) -> 5 | P6348: =ABS(F6348-$J$6) -> 6
...

Sheet 工作表2
A1: 95 | B1: 23 | C1: 113 | D1: 101 | E1: 202 | F1: 169 | I1: =MAX(L:L) -> 10181 | K1: SO2 | M1: FNDI | N1: p | O1: Bayesian | Q1: robust Z | R1: =MAX(T:T) -> 6745 | S1: CO | U1: FNDI | V1: p | W1: Bayesian | Y1: robust Z
A2: 86 | B2: 22 | C2: 109 | D2: 82 | E2: 187 | F2: 165 | I2: =MIN(L:L) -> 1 | K2: 95 | L2: =COUNTIFS(工作表1!A:A,"=" & K2) -> 1 | M2: =ABS(K2-$I$13)/$I$16 -> 1.1663043 | N2: =COUNTIFS($L$2:$L$47,"<="&L2)/46 -> 0.26086957 | O2: =L2/$L$48 -> 9.8222179e-05 | P2: =ABS(K2-$I$11) -> 42.5 | Q2: =0.6745*(K2-$I$11)/$I$12 -> 1.4333125 | R2: =MIN(T:T) -> 1 | S2: 23 | T2: =COUNTIFS(工作表1!B:B,"=" & S2) -> 1 | U2: =ABS(S2-$R$14)/$R$16 -> 1.147619 | V2: =COUNTIFS($T$2:$T$21,"<="&T2)/20 -> 0.15 | W2: =T2/$T$22 -> 0.00014825797 | X2: =ABS(S2-$R$11) -> 12.5 | Y2: =0.6745*(S2-$R$11)/$R$12 -> 1.5329545
A3: 85 | B3: 20 | C3: 108 | D3: 79 | E3: 185 | F3: 156 | I3: =MAX(N:N) -> 1 | K3: 86 | L3: =COUNTIFS(工作表1!A:A,"=" & K3) -> 1 | M3: =ABS(K3-$I$13)/$I$16 -> 0.94130435 | N3: =COUNTIFS($L$2:$L$47,"<="&L3)/46 -> 0.26086957 | O3: =L3/$L$48 -> 9.8222179e-05 | P3: =ABS(K3-$I$11) -> 33.5 | Q3: =0.6745*(K3-$I$11)/$I$12 -> 1.1297875 | R3: =MAX(V:V) -> 1 | S3: 22 | T3: =COUNTIFS(工作表1!B:B,"=" & S3) -> 1 | U3: =ABS(S3-$R$14)/$R$16 -> 1.052381 | V3: =COUNTIFS($T$2:$T$21,"<="&T3)/20 -> 0.15 | W3: =T3/$T$22 -> 0.00014825797 | X3: =ABS(S3-$R$11) -> 11.5 | Y3: =0.6745*(S3-$R$11)/$R$12 -> 1.4103182
A4: 83 | B4: 18 | C4: 107 | D4: 78 | E4: 182 | F4: 155 | I4: =MIN(N:N) -> 0.26086957 | K4: 85 | L4: =COUNTIFS(工作表1!A:A,"=" & K4) -> 1 | M4: =ABS(K4-$I$13)/$I$16 -> 0.91630435 | N4: =COUNTIFS($L$2:$L$47,"<="&L4)/46 -> 0.26086957 | O4: =L4/$L$48 -> 9.8222179e-05 | P4: =ABS(K4-$I$11) -> 32.5 | Q4: =0.6745*(K4-$I$11)/$I$12 -> 1.0960625 | R4: =MIN(V:V) -> 0.15 | S4: 20 | T4: =COUNTIFS(工作表1!B:B,"=" & S4) -> 1 | U4: =ABS(S4-$R$14)/$R$16 -> 0.86190476 | V4: =COUNTIFS($T$2:$T$21,"<="&T4)/20 -> 0.15 | W4: =T4/$T$22 -> 0.00014825797 | X4: =ABS(S4-$R$11) -> 9.5 | Y4: =0.6745*(S4-$R$11)/$R$12 -> 1.1650455
A5: 81 | B5: 17 | C5: 106 | D5: 77 | E5: 177 | F5: 154 | I5: =MAX(O:O) -> 1 | K5: 83 | L5: =COUNTIFS(工作表1!A:A,"=" & K5) -> 1 | M5: =ABS(K5-$I$13)/$I$16 -> 0.86630435 | N5: =COUNTIFS($L$2:$L$47,"<="&L5)/46 -> 0.26086957 | O5: =L5/$L$48 -> 9.8222179e-05 | P5: =ABS(K5-$I$11) -> 30.5 | Q5: =0.6745*(K5-$I$11)/$I$12 -> 1.0286125 | R5: =MAX(W:W) -> 1 | S5: 18 | T5: =COUNTIFS(工作表1!B:B,"=" & S5) -> 4 | U5: =ABS(S5-$R$14)/$R$16 -> 0.67142857 | V5: =COUNTIFS($T$2:$T$21,"<="&T5)/20 -> 0.25 | W5: =T5/$T$22 -> 0.00059303188 | X5: =ABS(S5-$R$11) -> 7.5 | Y5: =0.6745*(S5-$R$11)/$R$12 -> 0.91977273
A6: 79 | B6: 16 | C6: 105 | D6: 76 | E6: 174 | F6: 152 | I6: =MIN(O:O) -> 9.8222179e-05 | K6: 81 | L6: =COUNTIFS(工作表1!A:A,"=" & K6) -> 1 | M6: =ABS(K6-$I$13)/$I$16 -> 0.81630435 | N6: =COUNTIFS($L$2:$L$47,"<="&L6)/46 -> 0.26086957 | O6: =L6/$L$48 -> 9.8222179e-05 | P6: =ABS(K6-$I$11) -> 28.5 | Q6: =0.6745*(K6-$I$11)/$I$12 -> 0.9611625 | R6: =MIN(W:W) -> 0.00014825797 | S6: 17 | T6: =COUNTIFS(工作表1!B:B,"=" & S6) -> 4 | U6: =ABS(S6-$R$14)/$R$16 -> 0.57619048 | V6: =COUNTIFS($T$2:$T$21,"<="&T6)/20 -> 0.25 | W6: =T6/$T$22 -> 0.00059303188 | X6: =ABS(S6-$R$11) -> 6.5 | Y6: =0.6745*(S6-$R$11)/$R$12 -> 0.79713636
A7: 78 | B7: 15 | C7: 104 | D7: 75 | E7: 169 | F7: 151 | I7: =MAX(Q:Q) -> 1.4333125 | K7: 79 | L7: =COUNTIFS(工作表1!A:A,"=" & K7) -> 2 | M7: =ABS(K7-$I$13)/$I$16 -> 0.76630435 | N7: =COUNTIFS($L$2:$L$47,"<="&L7)/46 -> 0.45652174 | O7: =L7/$L$48 -> 0.00019644436 | P7: =ABS(K7-$I$11) -> 26.5 | Q7: =0.6745*(K7-$I$11)/$I$12 -> 0.8937125 | R7: =MAX(Y:Y) -> 1.5329545 | S7: 16 | T7: =COUNTIFS(工作表1!B:B,"=" & S7) -> 5 | U7: =ABS(S7-$R$14)/$R$16 -> 0.48095238 | V7: =COUNTIFS($T$2:$T$21,"<="&T7)/20 -> 0.3 | W7: =T7/$T$22 -> 0.00074128984 | X7: =ABS(S7-$R$11) -> 5.5 | Y7: =0.6745*(S7-$R$11)/$R$12 -> 0.6745
A8: 76 | B8: 14 | C8: 103 | D8: 74 | E8: 166 | F8: 150 | I8: =MIN(Q:Q) -> -1.7705625 | K8: 78 | L8: =COUNTIFS(工作表1!A:A,"=" & K8) -> 1 | M8: =ABS(K8-$I$13)/$I$16 -> 0.74130435 | N8: =COUNTIFS($L$2:$L$47,"<="&L8)/46 -> 0.26086957 | O8: =L8/$L$48 -> 9.8222179e-05 | P8: =ABS(K8-$I$11) -> 25.5 | Q8: =0.6745*(K8-$I$11)/$I$12 -> 0.8599875 | R8: =MIN(Y:Y) -> -1.2876818 | S8: 15 | T8: =COUNTIFS(工作表1!B:B,"=" & S8) -> 10 | U8: =ABS(S8-$R$14)/$R$16 -> 0.38571429 | V8: =COUNTIFS($T$2:$T$21,"<="&T8)/20 -> 0.35 | W8: =T8/$T$22 -> 0.0014825797 | X8: =ABS(S8-$R$11) -> 4.5 | Y8: =0.6745*(S8-$R$11)/$R$12 -> 0.55186364
A9: 73 | B9: 12 | C9: 102 | D9: 73 | E9: 164 | F9: 149 | I9: =MAX(L2:L47) -> 10181 | K9: 76 | L9: =COUNTIFS(工作表1!A:A,"=" & K9) -> 2 | M9: =ABS(K9-$I$13)/$I$16 -> 0.69130435 | N9: =COUNTIFS($L$2:$L$47,"<="&L9)/46 -> 0.45652174 | O9: =L9/$L$48 -> 0.00019644436 | P9: =ABS(K9-$I$11) -> 23.5 | Q9: =0.6745*(K9-$I$11)/$I$12 -> 0.7925375 | R9: =MAX(T2:T21) -> 6745 | S9: 14 | T9: =COUNTIFS(工作表1!B:B,"=" & S9) -> 16 | U9: =ABS(S9-$R$14)/$R$16 -> 0.29047619 | V9: =COUNTIFS($T$2:$T$21,"<="&T9)/20 -> 0.5 | W9: =T9/$T$22 -> 0.0023721275 | X9: =ABS(S9-$R$11) -> 3.5 | Y9: =0.6745*(S9-$R$11)/$R$12 -> 0.42922727
A10: 72 | B10: 11 | C10: 101 | D10: 72 | E10: 161 | F10: 148 | K10: 73 | L10: =COUNTIFS(工作表1!A:A,"=" & K10) -> 1 | M10: =ABS(K10-$I$13)/$I$16 -> 0.61630435 | N10: =COUNTIFS($L$2:$L$47,"<="&L10)/46 -> 0.26086957 | O10: =L10/$L$48 -> 9.8222179e-05 | P10: =ABS(K10-$I$11) -> 20.5 | Q10: =0.6745*(K10-$I$11)/$I$12 -> 0.6913625 | S10: 12 | T10: =COUNTIFS(工作表1!B:B,"=" & S10) -> 13 | U10: =ABS(S10-$R$14)/$R$16 -> 0.1 | V10: =COUNTIFS($T$2:$T$21,"<="&T10)/20 -> 0.4 | W10: =T10/$T$22 -> 0.0019273536 | X10: =ABS(S10-$R$11) -> 1.5 | Y10: =0.6745*(S10-$R$11)/$R$12 -> 0.18395455
A11: 71 | B11: 10 | C11: 100 | D11: 71 | E11: 159 | F11: 147 | I11: =MEDIAN(K2:K47) -> 52.5 | K11: 72 | L11: =COUNTIFS(工作表1!A:A,"=" & K11) -> 2 | M11: =ABS(K11-$I$13)/$I$16 -> 0.59130435 | N11: =COUNTIFS($L$2:$L$47,"<="&L11)/46 -> 0.45652174 | O11: =L11/$L$48 -> 0.00019644436 | P11: =ABS(K11-$I$11) -> 19.5 | Q11: =0.6745*(K11-$I$11)/$I$12 -> 0.6576375 | R11: =MEDIAN(S2:S21) -> 10.5 | S11: 11 | T11: =COUNTIFS(工作表1!B:B,"=" & S11) -> 15 | U11: =ABS(S11-$R$14)/$R$16 -> 0.0047619048 | V11: =COUNTIFS($T$2:$T$21,"<="&T11)/20 -> 0.45 | W11: =T11/$T$22 -> 0.0022238695 | X11: =ABS(S11-$R$11) -> 0.5 | Y11: =0.6745*(S11-$R$11)/$R$12 -> 0.061318182
A12: 69 | B12: 9 | C12: 99 | D12: 70 | E12: 156 | F12: 146 | I12: =MEDIAN(P2:P47) -> 20 | K12: 71 | L12: =COUNTIFS(工作表1!A:A,"=" & K12) -> 1 | M12: =ABS(K12-$I$13)/$I$16 -> 0.56630435 | N12: =COUNTIFS($L$2:$L$47,"<="&L12)/46 -> 0.26086957 | O12: =L12/$L$48 -> 9.8222179e-05 | P12: =ABS(K12-$I$11) -> 18.5 | Q12: =0.6745*(K12-$I$11)/$I$12 -> 0.6239125 | R12: =MEDIAN(X2:X21) -> 5.5 | S12: 10 | T12: =COUNTIFS(工作表1!B:B,"=" & S12) -> 42 | U12: =ABS(S12-$R$14)/$R$16 -> 0.09047619 | V12: =COUNTIFS($T$2:$T$21,"<="&T12)/20 -> 0.55 | W12: =T12/$T$22 -> 0.0062268347 | X12: =ABS(S12-$R$11) -> 0.5 | Y12: =0.6745*(S12-$R$11)/$R$12 -> -0.061318182
A13: 67 | B13: 8 | C13: 97 | D13: 69 | E13: 154 | F13: 145 | I13: =AVERAGE(K2:K47) -> 48.347826 | K13: 69 | L13: =COUNTIFS(工作表1!A:A,"=" & K13) -> 1 | M13: =ABS(K13-$I$13)/$I$16 -> 0.51630435 | N13: =COUNTIFS($L$2:$L$47,"<="&L13)/46 -> 0.26086957 | O13: =L13/$L$48 -> 9.8222179e-05 | P13: =ABS(K13-$I$11) -> 16.5 | Q13: =0.6745*(K13-$I$11)/$I$12 -> 0.5564625 | S13: 9 | T13: =COUNTIFS(工作表1!B:B,"=" & S13) -> 112 | U13: =ABS(S13-$R$14)/$R$16 -> 0.18571429 | V13: =COUNTIFS($T$2:$T$21,"<="&T13)/20 -> 0.6 | W13: =T13/$T$22 -> 0.016604893 | X13: =ABS(S13-$R$11) -> 1.5 | Y13: =0.6745*(S13-$R$11)/$R$12 -> -0.18395455
A14: 64 | B14: 7 | C14: 96 | D14: 68 | E14: 151 | F14: 144 | I14: =_xlfn.STDEV.P(K2:K47) -> 25.376485 | K14: 67 | L14: =COUNTIFS(工作表1!A:A,"=" & K14) -> 1 | M14: =ABS(K14-$I$13)/$I$16 -> 0.46630435 | N14: =COUNTIFS($L$2:$L$47,"<="&L14)/46 -> 0.26086957 | O14: =L14/$L$48 -> 9.8222179e-05 | P14: =ABS(K14-$I$11) -> 14.5 | Q14: =0.6745*(K14-$I$11)/$I$12 -> 0.4890125 | R14: =AVERAGE(S2:S21) -> 10.95 | S14: 8 | T14: =COUNTIFS(工作表1!B:B,"=" & S14) -> 203 | U14: =ABS(S14-$R$14)/$R$16 -> 0.28095238 | V14: =COUNTIFS($T$2:$T$21,"<="&T14)/20 -> 0.65 | W14: =T14/$T$22 -> 0.030096368 | X14: =ABS(S14-$R$11) -> 2.5 | Y14: =0.6745*(S14-$R$11)/$R$12 -> -0.30659091
A15: 62 | B15: 6 | C15: 95 | D15: 67 | E15: 150 | F15: 143 | K15: 64 | L15: =COUNTIFS(工作表1!A:A,"=" & K15) -> 2 | M15: =ABS(K15-$I$13)/$I$16 -> 0.39130435 | N15: =COUNTIFS($L$2:$L$47,"<="&L15)/46 -> 0.45652174 | O15: =L15/$L$48 -> 0.00019644436 | P15: =ABS(K15-$I$11) -> 11.5 | Q15: =0.6745*(K15-$I$11)/$I$12 -> 0.3878375 | R15: =_xlfn.STDEV.P(S2:S21) -> 6.8518246 | S15: 7 | T15: =COUNTIFS(工作表1!B:B,"=" & S15) -> 621 | U15: =ABS(S15-$R$14)/$R$16 -> 0.37619048 | V15: =COUNTIFS($T$2:$T$21,"<="&T15)/20 -> 0.75 | W15: =T15/$T$22 -> 0.092068199 | X15: =ABS(S15-$R$11) -> 3.5 | Y15: =0.6745*(S15-$R$11)/$R$12 -> -0.42922727
A16: 61 | B16: 5 | C16: 94 | D16: 66 | E16: 146 | F16: 141 | I16: =QUARTILE(K2:K47,3)-QUARTILE(K2:K47,1) -> 40 | K16: 62 | L16: =COUNTIFS(工作表1!A:A,"=" & K16) -> 1 | M16: =ABS(K16-$I$13)/$I$16 -> 0.34130435 | N16: =COUNTIFS($L$2:$L$47,"<="&L16)/46 -> 0.26086957 | O16: =L16/$L$48 -> 9.8222179e-05 | P16: =ABS(K16-$I$11) -> 9.5 | Q16: =0.6745*(K16-$I$11)/$I$12 -> 0.3203875 | R16: =QUARTILE(S2:S21,3)-QUARTILE(S2:S21,1) -> 10.5 | S16: 6 | T16: =COUNTIFS(工作表1!B:B,"=" & S16) -> 1755 | U16: =ABS(S16-$R$14)/$R$16 -> 0.47142857 | V16: =COUNTIFS($T$2:$T$21,"<="&T16)/20 -> 0.8 | W16: =T16/$T$22 -> 0.26019274 | X16: =ABS(S16-$R$11) -> 4.5 | Y16: =0.6745*(S16-$R$11)/$R$12 -> -0.55186364
A17: 60 | B17: 3 | C17: 93 | D17: 65 | E17: 143 | F17: 140 | K17: 61 | L17: =COUNTIFS(工作表1!A:A,"=" & K17) -> 2 | M17: =ABS(K17-$I$13)/$I$16 -> 0.31630435 | N17: =COUNTIFS($L$2:$L$47,"<="&L17)/46 -> 0.45652174 | O17: =L17/$L$48 -> 0.00019644436 | P17: =ABS(K17-$I$11) -> 8.5 | Q17: =0.6745*(K17-$I$11)/$I$12 -> 0.2866625 | S17: 5 | T17: =COUNTIFS(工作表1!B:B,"=" & S17) -> 3942 | U17: =ABS(S17-$R$14)/$R$16 -> 0.56666667 | V17: =COUNTIFS($T$2:$T$21,"<="&T17)/20 -> 0.85 | W17: =T17/$T$22 -> 0.58443291 | X17: =ABS(S17-$R$11) -> 5.5 | Y17: =0.6745*(S17-$R$11)/$R$12 -> -0.6745
A18: 59 | B18: 2 | C18: 92 | D18: 64 | E18: 140 | F18: 139 | K18: 60 | L18: =COUNTIFS(工作表1!A:A,"=" & K18) -> 1 | M18: =ABS(K18-$I$13)/$I$16 -> 0.29130435 | N18: =COUNTIFS($L$2:$L$47,"<="&L18)/46 -> 0.26086957 | O18: =L18/$L$48 -> 9.8222179e-05 | P18: =ABS(K18-$I$11) -> 7.5 | Q18: =0.6745*(K18-$I$11)/$I$12 -> 0.2529375 | S18: 3 | T18: =COUNTIFS(工作表1!B:B,"=" & S18) -> 6165 | U18: =ABS(S18-$R$14)/$R$16 -> 0.75714286 | V18: =COUNTIFS($T$2:$T$21,"<="&T18)/20 -> 0.95 | W18: =T18/$T$22 -> 0.91401038 | X18: =ABS(S18-$R$11) -> 7.5 | Y18: =0.6745*(S18-$R$11)/$R$12 -> -0.91977273
A19: 57 | B19: 1 | C19: 91 | D19: 63 | E19: 136 | F19: 138 | K19: 59 | L19: =COUNTIFS(工作表1!A:A,"=" & K19) -> 2 | M19: =ABS(K19-$I$13)/$I$16 -> 0.26630435 | N19: =COUNTIFS($L$2:$L$47,"<="&L19)/46 -> 0.45652174 | O19: =L19/$L$48 -> 0.00019644436 | P19: =ABS(K19-$I$11) -> 6.5 | Q19: =0.6745*(K19-$I$11)/$I$12 -> 0.2192125 | S19: 2 | T19: =COUNTIFS(工作表1!B:B,"=" & S19) -> 6745 | U19: =ABS(S19-$R$14)/$R$16 -> 0.85238095 | V19: =COUNTIFS($T$2:$T$21,"<="&T19)/20 -> 1 | W19: =T19/$T$22 -> 1 | X19: =ABS(S19-$R$11) -> 8.5 | Y19: =0.6745*(S19-$R$11)/$R$12 -> -1.0424091
A20: 56 | B20: 0 | C20: 90 | D20: 62 | E20: 132 | F20: 137 | K20: 57 | L20: =COUNTIFS(工作表1!A:A,"=" & K20) -> 2 | M20: =ABS(K20-$I$13)/$I$16 -> 0.21630435 | N20: =COUNTIFS($L$2:$L$47,"<="&L20)/46 -> 0.45652174 | O20: =L20/$L$48 -> 0.00019644436 | P20: =ABS(K20-$I$11) -> 4.5 | Q20: =0.6745*(K20-$I$11)/$I$12 -> 0.1517625 | S20: 1 | T20: =COUNTIFS(工作表1!B:B,"=" & S20) -> 4108 | U20: =ABS(S20-$R$14)/$R$16 -> 0.94761905 | V20: =COUNTIFS($T$2:$T$21,"<="&T20)/20 -> 0.9 | W20: =T20/$T$22 -> 0.60904374 | X20: =ABS(S20-$R$11) -> 9.5 | Y20: =0.6745*(S20-$R$11)/$R$12 -> -1.1650455
A21: 55 | C21: 89 | D21: 61 | E21: 129 | F21: 136 | K21: 56 | L21: =COUNTIFS(工作表1!A:A,"=" & K21) -> 4 | M21: =ABS(K21-$I$13)/$I$16 -> 0.19130435 | N21: =COUNTIFS($L$2:$L$47,"<="&L21)/46 -> 0.5 | O21: =L21/$L$48 -> 0.00039288871 | P21: =ABS(K21-$I$11) -> 3.5 | Q21: =0.6745*(K21-$I$11)/$I$12 -> 0.1180375 | S21: 0 | T21: =COUNTIFS(工作表1!B:B,"=" & S21) -> 331 | U21: =ABS(S21-$R$14)/$R$16 -> 1.0428571 | V21: =COUNTIFS($T$2:$T$21,"<="&T21)/20 -> 0.7 | W21: =T21/$T$22 -> 0.049073388 | X21: =ABS(S21-$R$11) -> 10.5 | Y21: =0.6745*(S21-$R$11)/$R$12 -> -1.2876818
A22: 54 | C22: 88 | D22: 60 | E22: 126 | F22: 135 | K22: 55 | L22: =COUNTIFS(工作表1!A:A,"=" & K22) -> 2 | M22: =ABS(K22-$I$13)/$I$16 -> 0.16630435 | N22: =COUNTIFS($L$2:$L$47,"<="&L22)/46 -> 0.45652174 | O22: =L22/$L$48 -> 0.00019644436 | P22: =ABS(K22-$I$11) -> 2.5 | Q22: =0.6745*(K22-$I$11)/$I$12 -> 0.0843125 | T22: =MAX(T2:T21) -> 6745
A23: 53 | C23: 87 | D23: 59 | E23: 122 | F23: 134 | K23: 54 | L23: =COUNTIFS(工作表1!A:A,"=" & K23) -> 4 | M23: =ABS(K23-$I$13)/$I$16 -> 0.14130435 | N23: =COUNTIFS($L$2:$L$47,"<="&L23)/46 -> 0.5 | O23: =L23/$L$48 -> 0.00039288871 | P23: =ABS(K23-$I$11) -> 1.5 | Q23: =0.6745*(K23-$I$11)/$I$12 -> 0.0505875
A24: 52 | C24: 86 | D24: 58 | E24: 118 | F24: 133 | K24: 53 | L24: =COUNTIFS(工作表1!A:A,"=" & K24) -> 6 | M24: =ABS(K24-$I$13)/$I$16 -> 0.11630435 | N24: =COUNTIFS($L$2:$L$47,"<="&L24)/46 -> 0.56521739 | O24: =L24/$L$48 -> 0.00058933307 | P24: =ABS(K24-$I$11) -> 0.5 | Q24: =0.6745*(K24-$I$11)/$I$12 -> 0.0168625
A25: 51 | C25: 85 | D25: 57 | E25: 115 | F25: 132 | K25: 52 | L25: =COUNTIFS(工作表1!A:A,"=" & K25) -> 8 | M25: =ABS(K25-$I$13)/$I$16 -> 0.091304348 | N25: =COUNTIFS($L$2:$L$47,"<="&L25)/46 -> 0.63043478 | O25: =L25/$L$48 -> 0.00078577743 | P25: =ABS(K25-$I$11) -> 0.5 | Q25: =0.6745*(K25-$I$11)/$I$12 -> -0.0168625
A26: 50 | C26: 84 | D26: 56 | E26: 112 | F26: 131 | K26: 51 | L26: =COUNTIFS(工作表1!A:A,"=" & K26) -> 2 | M26: =ABS(K26-$I$13)/$I$16 -> 0.066304348 | N26: =COUNTIFS($L$2:$L$47,"<="&L26)/46 -> 0.45652174 | O26: =L26/$L$48 -> 0.00019644436 | P26: =ABS(K26-$I$11) -> 1.5 | Q26: =0.6745*(K26-$I$11)/$I$12 -> -0.0505875
A27: 48 | C27: 83 | D27: 55 | E27: 108 | F27: 130 | K27: 50 | L27: =COUNTIFS(工作表1!A:A,"=" & K27) -> 6 | M27: =ABS(K27-$I$13)/$I$16 -> 0.041304348 | N27: =COUNTIFS($L$2:$L$47,"<="&L27)/46 -> 0.56521739 | O27: =L27/$L$48 -> 0.00058933307 | P27: =ABS(K27-$I$11) -> 2.5 | Q27: =0.6745*(K27-$I$11)/$I$12 -> -0.0843125
A28: 45 | C28: 82 | D28: 54 | E28: 104 | F28: 129 | K28: 48 | L28: =COUNTIFS(工作表1!A:A,"=" & K28) -> 5 | M28: =ABS(K28-$I$13)/$I$16 -> 0.0086956522 | N28: =COUNTIFS($L$2:$L$47,"<="&L28)/46 -> 0.52173913 | O28: =L28/$L$48 -> 0.00049111089 | P28: =ABS(K28-$I$11) -> 4.5 | Q28: =0.6745*(K28-$I$11)/$I$12 -> -0.1517625
A29: 42 | C29: 81 | D29: 53 | E29: 101 | F29: 128 | K29: 45 | L29: =COUNTIFS(工作表1!A:A,"=" & K29) -> 7 | M29: =ABS(K29-$I$13)/$I$16 -> 0.083695652 | N29: =COUNTIFS($L$2:$L$47,"<="&L29)/46 -> 0.58695652 | O29: =L29/$L$48 -> 0.00068755525 | P29: =ABS(K29-$I$11) -> 7.5 | Q29: =0.6745*(K29-$I$11)/$I$12 -> -0.2529375
A30: 40 | C30: 80 | D30: 52 | E30: 100 | F30: 127 | K30: 42 | L30: =COUNTIFS(工作表1!A:A,"=" & K30) -> 8 | M30: =ABS(K30-$I$13)/$I$16 -> 0.15869565 | N30: =COUNTIFS($L$2:$L$47,"<="&L30)/46 -> 0.63043478 | O30: =L30/$L$48 -> 0.00078577743 | P30: =ABS(K30-$I$11) -> 10.5 | Q30: =0.6745*(K30-$I$11)/$I$12 -> -0.3541125
A31: 38 | C31: 79 | D31: 51 | E31: 97 | F31: 126 | K31: 40 | L31: =COUNTIFS(工作表1!A:A,"=" & K31) -> 19 | M31: =ABS(K31-$I$13)/$I$16 -> 0.20869565 | N31: =COUNTIFS($L$2:$L$47,"<="&L31)/46 -> 0.69565217 | O31: =L31/$L$48 -> 0.0018662214 | P31: =ABS(K31-$I$11) -> 12.5 | Q31: =0.6745*(K31-$I$11)/$I$12 -> -0.4215625
A32: 35 | C32: 78 | D32: 50 | E32: 93 | F32: 125 | K32: 38 | L32: =COUNTIFS(工作表1!A:A,"=" & K32) -> 17 | M32: =ABS(K32-$I$13)/$I$16 -> 0.25869565 | N32: =COUNTIFS($L$2:$L$47,"<="&L32)/46 -> 0.65217391 | O32: =L32/$L$48 -> 0.001669777 | P32: =ABS(K32-$I$11) -> 14.5 | Q32: =0.6745*(K32-$I$11)/$I$12 -> -0.4890125
A33: 32 | C33: 77 | D33: 48 | E33: 90 | F33: 124 | K33: 35 | L33: =COUNTIFS(工作表1!A:A,"=" & K33) -> 19 | M33: =ABS(K33-$I$13)/$I$16 -> 0.33369565 | N33: =COUNTIFS($L$2:$L$47,"<="&L33)/46 -> 0.69565217 | O33: =L33/$L$48 -> 0.0018662214 | P33: =ABS(K33-$I$11) -> 17.5 | Q33: =0.6745*(K33-$I$11)/$I$12 -> -0.5901875
A34: 30 | C34: 76 | D34: 47 | E34: 87 | F34: 123 | K34: 32 | L34: =COUNTIFS(工作表1!A:A,"=" & K34) -> 29 | M34: =ABS(K34-$I$13)/$I$16 -> 0.40869565 | N34: =COUNTIFS($L$2:$L$47,"<="&L34)/46 -> 0.7173913 | O34: =L34/$L$48 -> 0.0028484432 | P34: =ABS(K34-$I$11) -> 20.5 | Q34: =0.6745*(K34-$I$11)/$I$12 -> -0.6913625
... A46: 0 | C46: 64 | D46: 27 | E46: 50 | F46: 111 | K46: 2 | L46: =COUNTIFS(工作表1!A:A,"=" & K46) -> 10181 | M46: =ABS(K46-$I$13)/$I$16 -> 1.1586957 | N46: =COUNTIFS($L$2:$L$47,"<="&L46)/46 -> 1 | O46: =L46/$L$48 -> 1 | P46: =ABS(K46-$I$11) -> 50.5 | Q46: =0.6745*(K46-$I$11)/$I$12 -> -1.7031125
C47: 63 | D47: 25 | E47: 49 | F47: 110 | K47: 0 | L47: =COUNTIFS(工作表1!A:A,"=" & K47) -> 2474 | M47: =ABS(K47-$I$13)/$I$16 -> 1.2086957 | N47: =COUNTIFS($L$2:$L$47,"<="&L47)/46 -> 0.93478261 | O47: =L47/$L$48 -> 0.24300167 | P47: =ABS(K47-$I$11) -> 52.5 | Q47: =0.6745*(K47-$I$11)/$I$12 -> -1.7705625
C48: 62 | D48: 23 | E48: 48 | F48: 109 | L48: =MAX(L2:L47) -> 10181
C49: 61 | D49: 22 | E49: 47 | F49: 108
C50: 60 | D50: 20 | E50: 46 | F50: 107
C51: 59 | D51: 18 | E51: 45 | F51: 106
C52: 58 | D52: 17 | E52: 44 | F52: 105
C53: 57 | D53: 15 | E53: 43 | F53: 104
C54: 56 | D54: 13 | E54: 42 | F54: 103
C55: 55 | D55: 12 | E55: 41 | F55: 102
C56: 54 | D56: 10 | E56: 40 | F56: 101
C57: 53 | D57: 8 | E57: 39 | F57: 100
C58: 52 | D58: 7 | E58: 38 | F58: 99
C59: 51 | D59: 5 | E59: 37 | F59: 98
C60: 50 | D60: 3 | E60: 36 | F60: 97
... C62: 48 | D62: 0 | E62: 34 | F62: 95
C63: 47 | E63: 33 | F63: 94
C64: 46 | E64: 32 | F64: 93
C65: 45 | E65: 31 | F65: 92
C66: 44 | E66: 30 | F66: 91
C67: 43 | E67: 29 | F67: 90
C68: 42 | E68: 28 | F68: 89
C69: 41 | E69: 27 | F69: 88
C70: 40 | E70: 26 | F70: 87
C71: 39 | E71: 25 | F71: 86
C72: 38 | E72: 24 | F72: 85
C73: 37 | E73: 23 | F73: 84
C74: 36 | E74: 22 | F74: 83
... C92: 18 | E92: 2 | F92: 65
C93: 17 | F93: 64
C94: 16 | F94: 63
C95: 15 | F95: 62
C96: 14 | F96: 61
C97: 13 | F97: 60
C98: 12 | F98: 59
C99: 11 | F99: 58
C100: 10 | F100: 57
C101: 9 | F101: 56
C102: 8 | F102: 55
C103: 7 | F103: 54
C104: 6 | F104: 53
... C110: 0 | F110: 47
F111: 46
F112: 45
F113: 44
F114: 43
F115: 42
F116: 41
F117: 40
F118: 39
F119: 38
F120: 37
F121: 36
F122: 35
... F157: 0

Sheet 工作表3
C1: FNDI | D1: p | E1: Bayesian | G1: robust Z | H1: =MAX(B:B) -> 854 | K1: p | N1: Bayesian | O1: robust Z | P1: =MAX(K:K) -> 0.048642816 | S1: p | U1: Bayesian | V1: robust Z | W1: =MAX(S:S) -> 0.048518303 | Z1: fndi | AA1: p | AB1: Bayesian | AD1: modified Z | AE1: =MAX(Y:Y) -> 555
A2: 113 | B2: =COUNTIFS(工作表1!C:C,"=" & A2) -> 1 | C2: =ABS(A2-$H$14)/$H$17 -> 1.0708924 | D2: =COUNTIFS($B$2:$B$111,"<="&B2)/110 -> 0.090909091 | E2: =B2/$B$112 -> 0.0011709602 | F2: =ABS(A2-$H$11) -> 58.5 | G2: =0.6745*(A2-$H$11)/$H$12 -> 1.4348455 | H2: =MIN(B:B) -> 1 | J2: 101 | K2: =COUNTIFS(工作表1!D:D,"=" & J2)/24094 -> 4.1504109e-05 | M2: =COUNTIFS($K$2:$K$63,">="&K2)/62 -> 1 | N2: =K2/$K$64 -> 0.00085324232 | O2: =0.6745*(J2-23)/10 -> 5.2611 | P2: =MIN(K:K) -> 4.1504109e-05 | R2: 202 | S2: =COUNTIFS(工作表1!E:E,"=" & R2)/24094 -> 4.1504109e-05 | T2: =COUNTIFS($S$2:$S$93,">="&S2)/92 -> 1 | U2: =S2/$S$94 -> 0.00085543199 | V2: =0.6745*(R2-40)/9 -> 12.141 | W2: =MIN(S:S) -> 4.1504109e-05 | X2: 169 | Y2: =COUNTIFS(工作表1!F:F,"=" & X2) -> 1 | Z2: =ABS(X2-$AE$15)/$AE$18 -> 1.163482 | AA2: =COUNTIFS($Y$2:$Y$158,"<="&Y2)/157 -> 0.044585987 | AB2: =Y2/$Y$159 -> 0.0018018018 | AC2: =ABS(X2-$AE$12) -> 91 | AD2: =0.6745*(X2-$AE$12)/$AE$13 -> 1.5738333 | AE2: =MIN(Y:Y) -> 1
A3: 109 | B3: =COUNTIFS(工作表1!C:C,"=" & A3) -> 2 | C3: =ABS(A3-$H$14)/$H$17 -> 0.99749791 | D3: =COUNTIFS($B$2:$B$111,"<="&B3)/110 -> 0.13636364 | E3: =B3/$B$112 -> 0.0023419204 | F3: =ABS(A3-$H$11) -> 54.5 | G3: =0.6745*(A3-$H$11)/$H$12 -> 1.3367364 | H3: =MAX(D:D) -> 1 | J3: 82 | K3: =COUNTIFS(工作表1!D:D,"=" & J3)/24094 -> 0.00016601644 | M3: =COUNTIFS($K$2:$K$63,">="&K3)/62 -> 0.88709677 | N3: =K3/$K$64 -> 0.0034129693 | O3: =0.6745*(J3-23)/10 -> 3.97955 | P3: =MAX(M:M) -> 1 | R3: 187 | S3: =COUNTIFS(工作表1!E:E,"=" & R3)/24094 -> 4.1504109e-05 | T3: =COUNTIFS($S$2:$S$93,">="&S3)/92 -> 1 | U3: =S3/$S$94 -> 0.00085543199 | V3: =0.6745*(R3-40)/9 -> 11.016833 | W3: =MAX(T:T) -> 1 | X3: 165 | Y3: =COUNTIFS(工作表1!F:F,"=" & X3) -> 1 | Z3: =ABS(X3-$AE$15)/$AE$18 -> 1.1121999 | AA3: =COUNTIFS($Y$2:$Y$158,"<="&Y3)/157 -> 0.044585987 | AB3: =Y3/$Y$159 -> 0.0018018018 | AC3: =ABS(X3-$AE$12) -> 87 | AD3: =0.6745*(X3-$AE$12)/$AE$13 -> 1.5046538 | AE3: =MAX(AA:AA) -> 1
A4: 108 | B4: =COUNTIFS(工作表1!C:C,"=" & A4) -> 1 | C4: =ABS(A4-$H$14)/$H$17 -> 0.97914929 | D4: =COUNTIFS($B$2:$B$111,"<="&B4)/110 -> 0.090909091 | E4: =B4/$B$112 -> 0.0011709602 | F4: =ABS(A4-$H$11) -> 53.5 | G4: =0.6745*(A4-$H$11)/$H$12 -> 1.3122091 | H4: =MIN(D:D) -> 0.090909091 | J4: 79 | K4: =COUNTIFS(工作表1!D:D,"=" & J4)/24094 -> 0.00012451233 | M4: =COUNTIFS($K$2:$K$63,">="&K4)/62 -> 0.91935484 | N4: =K4/$K$64 -> 0.002559727 | O4: =0.6745*(J4-23)/10 -> 3.7772 | P4: =MIN(M:M) -> 0.016129032 | R4: 185 | S4: =COUNTIFS(工作表1!E:E,"=" & R4)/24094 -> 4.1504109e-05 | T4: =COUNTIFS($S$2:$S$93,">="&S4)/92 -> 1 | U4: =S4/$S$94 -> 0.00085543199 | V4: =0.6745*(R4-40)/9 -> 10.866944 | W4: =MIN(T:T) -> 0.010869565 | X4: 156 | Y4: =COUNTIFS(工作表1!F:F,"=" & X4) -> 2 | Z4: =ABS(X4-$AE$15)/$AE$18 -> 0.99681529 | AA4: =COUNTIFS($Y$2:$Y$158,"<="&Y4)/157 -> 0.10191083 | AB4: =Y4/$Y$159 -> 0.0036036036 | AC4: =ABS(X4-$AE$12) -> 78 | AD4: =0.6745*(X4-$AE$12)/$AE$13 -> 1.349 | AE4: =MIN(AA:AA) -> 0.044585987
A5: 107 | B5: =COUNTIFS(工作表1!C:C,"=" & A5) -> 1 | C5: =ABS(A5-$H$14)/$H$17 -> 0.96080067 | D5: =COUNTIFS($B$2:$B$111,"<="&B5)/110 -> 0.090909091 | E5: =B5/$B$112 -> 0.0011709602 | F5: =ABS(A5-$H$11) -> 52.5 | G5: =0.6745*(A5-$H$11)/$H$12 -> 1.2876818 | H5: =MAX(E:E) -> 1 | J5: 78 | K5: =COUNTIFS(工作表1!D:D,"=" & J5)/24094 -> 8.3008218e-05 | M5: =COUNTIFS($K$2:$K$63,">="&K5)/62 -> 0.9516129 | N5: =K5/$K$64 -> 0.0017064846 | O5: =0.6745*(J5-23)/10 -> 3.70975 | P5: =MAX(N:N) -> 1 | R5: 182 | S5: =COUNTIFS(工作表1!E:E,"=" & R5)/24094 -> 0.00012451233 | T5: =COUNTIFS($S$2:$S$93,">="&S5)/92 -> 0.93478261 | U5: =S5/$S$94 -> 0.002566296 | V5: =0.6745*(R5-40)/9 -> 10.642111 | W5: =MAX(U:U) -> 1 | X5: 155 | Y5: =COUNTIFS(工作表1!F:F,"=" & X5) -> 2 | Z5: =ABS(X5-$AE$15)/$AE$18 -> 0.98399477 | AA5: =COUNTIFS($Y$2:$Y$158,"<="&Y5)/157 -> 0.10191083 | AB5: =Y5/$Y$159 -> 0.0036036036 | AC5: =ABS(X5-$AE$12) -> 77 | AD5: =0.6745*(X5-$AE$12)/$AE$13 -> 1.3317051 | AE5: =MAX(AB:AB) -> 1
A6: 106 | B6: =COUNTIFS(工作表1!C:C,"=" & A6) -> 1 | C6: =ABS(A6-$H$14)/$H$17 -> 0.94245204 | D6: =COUNTIFS($B$2:$B$111,"<="&B6)/110 -> 0.090909091 | E6: =B6/$B$112 -> 0.0011709602 | F6: =ABS(A6-$H$11) -> 51.5 | G6: =0.6745*(A6-$H$11)/$H$12 -> 1.2631545 | H6: =MIN(E:E) -> 0.0011709602 | J6: 77 | K6: =COUNTIFS(工作表1!D:D,"=" & J6)/24094 -> 0.00016601644 | M6: =COUNTIFS($K$2:$K$63,">="&K6)/62 -> 0.88709677 | N6: =K6/$K$64 -> 0.0034129693 | O6: =0.6745*(J6-23)/10 -> 3.6423 | P6: =MIN(N:N) -> 0.00085324232 | R6: 177 | S6: =COUNTIFS(工作表1!E:E,"=" & R6)/24094 -> 0.00012451233 | T6: =COUNTIFS($S$2:$S$93,">="&S6)/92 -> 0.93478261 | U6: =S6/$S$94 -> 0.002566296 | V6: =0.6745*(R6-40)/9 -> 10.267389 | W6: =MIN(U:U) -> 0.00085543199 | X6: 154 | Y6: =COUNTIFS(工作表1!F:F,"=" & X6) -> 2 | Z6: =ABS(X6-$AE$15)/$AE$18 -> 0.97117426 | AA6: =COUNTIFS($Y$2:$Y$158,"<="&Y6)/157 -> 0.10191083 | AB6: =Y6/$Y$159 -> 0.0036036036 | AC6: =ABS(X6-$AE$12) -> 76 | AD6: =0.6745*(X6-$AE$12)/$AE$13 -> 1.3144103 | AE6: =MIN(AB:AB) -> 0.0018018018
A7: 105 | B7: =COUNTIFS(工作表1!C:C,"=" & A7) -> 1 | C7: =ABS(A7-$H$14)/$H$17 -> 0.92410342 | D7: =COUNTIFS($B$2:$B$111,"<="&B7)/110 -> 0.090909091 | E7: =B7/$B$112 -> 0.0011709602 | F7: =ABS(A7-$H$11) -> 50.5 | G7: =0.6745*(A7-$H$11)/$H$12 -> 1.2386273 | H7: =MAX(G:G) -> 1.4348455 | J7: 76 | K7: =COUNTIFS(工作表1!D:D,"=" & J7)/24094 -> 4.1504109e-05 | M7: =COUNTIFS($K$2:$K$63,">="&K7)/62 -> 1 | N7: =K7/$K$64 -> 0.00085324232 | O7: =0.6745*(J7-23)/10 -> 3.57485 | P7: =MAX(O:O) -> 5.2611 | R7: 174 | S7: =COUNTIFS(工作表1!E:E,"=" & R7)/24094 -> 0.00012451233 | T7: =COUNTIFS($S$2:$S$93,">="&S7)/92 -> 0.93478261 | U7: =S7/$S$94 -> 0.002566296 | V7: =0.6745*(R7-40)/9 -> 10.042556 | W7: =MAX(V:V) -> 12.141 | X7: 152 | Y7: =COUNTIFS(工作表1!F:F,"=" & X7) -> 2 | Z7: =ABS(X7-$AE$15)/$AE$18 -> 0.94553324 | AA7: =COUNTIFS($Y$2:$Y$158,"<="&Y7)/157 -> 0.10191083 | AB7: =Y7/$Y$159 -> 0.0036036036 | AC7: =ABS(X7-$AE$12) -> 74 | AD7: =0.6745*(X7-$AE$12)/$AE$13 -> 1.2798205 | AE7: =MAX(AD:AD) -> 1.5738333
A8: 104 | B8: =COUNTIFS(工作表1!C:C,"=" & A8) -> 4 | C8: =ABS(A8-$H$14)/$H$17 -> 0.9057548 | D8: =COUNTIFS($B$2:$B$111,"<="&B8)/110 -> 0.18181818 | E8: =B8/$B$112 -> 0.0046838407 | F8: =ABS(A8-$H$11) -> 49.5 | G8: =0.6745*(A8-$H$11)/$H$12 -> 1.2141 | H8: =MIN(G:G) -> -1.3367364 | J8: 75 | K8: =COUNTIFS(工作表1!D:D,"=" & J8)/24094 -> 4.1504109e-05 | M8: =COUNTIFS($K$2:$K$63,">="&K8)/62 -> 1 | N8: =K8/$K$64 -> 0.00085324232 | O8: =0.6745*(J8-23)/10 -> 3.5074 | P8: =MIN(O:O) -> -1.55135 | R8: 169 | S8: =COUNTIFS(工作表1!E:E,"=" & R8)/24094 -> 4.1504109e-05 | T8: =COUNTIFS($S$2:$S$93,">="&S8)/92 -> 1 | U8: =S8/$S$94 -> 0.00085543199 | V8: =0.6745*(R8-40)/9 -> 9.6678333 | W8: =MIN(V:V) -> -2.8478889 | X8: 151 | Y8: =COUNTIFS(工作表1!F:F,"=" & X8) -> 2 | Z8: =ABS(X8-$AE$15)/$AE$18 -> 0.93271272 | AA8: =COUNTIFS($Y$2:$Y$158,"<="&Y8)/157 -> 0.10191083 | AB8: =Y8/$Y$159 -> 0.0036036036 | AC8: =ABS(X8-$AE$12) -> 73 | AD8: =0.6745*(X8-$AE$12)/$AE$13 -> 1.2625256 | AE8: =MIN(AD:AD) -> -1.349
A9: 103 | B9: =COUNTIFS(工作表1!C:C,"=" & A9) -> 1 | C9: =ABS(A9-$H$14)/$H$17 -> 0.88740617 | D9: =COUNTIFS($B$2:$B$111,"<="&B9)/110 -> 0.090909091 | E9: =B9/$B$112 -> 0.0011709602 | F9: =ABS(A9-$H$11) -> 48.5 | G9: =0.6745*(A9-$H$11)/$H$12 -> 1.1895727 | H9: =MAX(B2:B111) -> 854 | J9: 74 | K9: =COUNTIFS(工作表1!D:D,"=" & J9)/24094 -> 0.00020752054 | M9: =COUNTIFS($K$2:$K$63,">="&K9)/62 -> 0.85483871 | N9: =K9/$K$64 -> 0.0042662116 | O9: =0.6745*(J9-23)/10 -> 3.43995 | P9: =MAX(K2:K63) -> 0.048642816 | R9: 166 | S9: =COUNTIFS(工作表1!E:E,"=" & R9)/24094 -> 0.00029052876 | T9: =COUNTIFS($S$2:$S$93,">="&S9)/92 -> 0.90217391 | U9: =S9/$S$94 -> 0.005988024 | V9: =0.6745*(R9-40)/9 -> 9.443 | X9: 150 | Y9: =COUNTIFS(工作表1!F:F,"=" & X9) -> 1 | Z9: =ABS(X9-$AE$15)/$AE$18 -> 0.91989221 | AA9: =COUNTIFS($Y$2:$Y$158,"<="&Y9)/157 -> 0.044585987 | AB9: =Y9/$Y$159 -> 0.0018018018 | AC9: =ABS(X9-$AE$12) -> 72 | AD9: =0.6745*(X9-$AE$12)/$AE$13 -> 1.2452308 | AE9: =MAX(Y2:Y158) -> 555
A10: 102 | B10: =COUNTIFS(工作表1!C:C,"=" & A10) -> 1 | C10: =ABS(A10-$H$14)/$H$17 -> 0.86905755 | D10: =COUNTIFS($B$2:$B$111,"<="&B10)/110 -> 0.090909091 | E10: =B10/$B$112 -> 0.0011709602 | F10: =ABS(A10-$H$11) -> 47.5 | G10: =0.6745*(A10-$H$11)/$H$12 -> 1.1650455 | J10: 73 | K10: =COUNTIFS(工作表1!D:D,"=" & J10)/24094 -> 8.3008218e-05 | M10: =COUNTIFS($K$2:$K$63,">="&K10)/62 -> 0.9516129 | N10: =K10/$K$64 -> 0.0017064846 | O10: =0.6745*(J10-23)/10 -> 3.3725 | R10: 164 | S10: =COUNTIFS(工作表1!E:E,"=" & R10)/24094 -> 0.00029052876 | T10: =COUNTIFS($S$2:$S$93,">="&S10)/92 -> 0.90217391 | U10: =S10/$S$94 -> 0.005988024 | V10: =0.6745*(R10-40)/9 -> 9.2931111 | X10: 149 | Y10: =COUNTIFS(工作表1!F:F,"=" & X10) -> 4 | Z10: =ABS(X10-$AE$15)/$AE$18 -> 0.9070717 | AA10: =COUNTIFS($Y$2:$Y$158,"<="&Y10)/157 -> 0.15286624 | AB10: =Y10/$Y$159 -> 0.0072072072 | AC10: =ABS(X10-$AE$12) -> 71 | AD10: =0.6745*(X10-$AE$12)/$AE$13 -> 1.2279359
A11: 101 | B11: =COUNTIFS(工作表1!C:C,"=" & A11) -> 1 | C11: =ABS(A11-$H$14)/$H$17 -> 0.85070892 | D11: =COUNTIFS($B$2:$B$111,"<="&B11)/110 -> 0.090909091 | E11: =B11/$B$112 -> 0.0011709602 | F11: =ABS(A11-$H$11) -> 46.5 | G11: =0.6745*(A11-$H$11)/$H$12 -> 1.1405182 | H11: =MEDIAN(A2:A111) -> 54.5 | J11: 72 | K11: =COUNTIFS(工作表1!D:D,"=" & J11)/24094 -> 0.00041504109 | M11: =COUNTIFS($K$2:$K$63,">="&K11)/62 -> 0.82258065 | N11: =K11/$K$64 -> 0.0085324232 | O11: =0.6745*(J11-23)/10 -> 3.30505 | R11: 161 | S11: =COUNTIFS(工作表1!E:E,"=" & R11)/24094 -> 0.00053955342 | T11: =COUNTIFS($S$2:$S$93,">="&S11)/92 -> 0.81521739 | U11: =S11/$S$94 -> 0.011120616 | V11: =0.6745*(R11-40)/9 -> 9.0682778 | X11: 148 | Y11: =COUNTIFS(工作表1!F:F,"=" & X11) -> 1 | Z11: =ABS(X11-$AE$15)/$AE$18 -> 0.89425118 | AA11: =COUNTIFS($Y$2:$Y$158,"<="&Y11)/157 -> 0.044585987 | AB11: =Y11/$Y$159 -> 0.0018018018 | AC11: =ABS(X11-$AE$12) -> 70 | AD11: =0.6745*(X11-$AE$12)/$AE$13 -> 1.210641
A12: 100 | B12: =COUNTIFS(工作表1!C:C,"=" & A12) -> 1 | C12: =ABS(A12-$H$14)/$H$17 -> 0.8323603 | D12: =COUNTIFS($B$2:$B$111,"<="&B12)/110 -> 0.090909091 | E12: =B12/$B$112 -> 0.0011709602 | F12: =ABS(A12-$H$11) -> 45.5 | G12: =0.6745*(A12-$H$11)/$H$12 -> 1.1159909 | H12: =MEDIAN(F2:F111) -> 27.5 | J12: 71 | K12: =COUNTIFS(工作表1!D:D,"=" & J12)/24094 -> 0.00012451233 | M12: =COUNTIFS($K$2:$K$63,">="&K12)/62 -> 0.91935484 | N12: =K12/$K$64 -> 0.002559727 | O12: =0.6745*(J12-23)/10 -> 3.2376 | R12: 159 | S12: =COUNTIFS(工作表1!E:E,"=" & R12)/24094 -> 0.00041504109 | T12: =COUNTIFS($S$2:$S$93,">="&S12)/92 -> 0.85869565 | U12: =S12/$S$94 -> 0.0085543199 | V12: =0.6745*(R12-40)/9 -> 8.9183889 | X12: 147 | Y12: =COUNTIFS(工作表1!F:F,"=" & X12) -> 1 | Z12: =ABS(X12-$AE$15)/$AE$18 -> 0.88143067 | AA12: =COUNTIFS($Y$2:$Y$158,"<="&Y12)/157 -> 0.044585987 | AB12: =Y12/$Y$159 -> 0.0018018018 | AC12: =ABS(X12-$AE$12) -> 69 | AD12: =0.6745*(X12-$AE$12)/$AE$13 -> 1.1933462 | AE12: =MEDIAN(X2:X158) -> 78
A13: 99 | B13: =COUNTIFS(工作表1!C:C,"=" & A13) -> 2 | C13: =ABS(A13-$H$14)/$H$17 -> 0.81401168 | D13: =COUNTIFS($B$2:$B$111,"<="&B13)/110 -> 0.13636364 | E13: =B13/$B$112 -> 0.0023419204 | F13: =ABS(A13-$H$11) -> 44.5 | G13: =0.6745*(A13-$H$11)/$H$12 -> 1.0914636 | J13: 70 | K13: =COUNTIFS(工作表1!D:D,"=" & J13)/24094 -> 0.00029052876 | M13: =COUNTIFS($K$2:$K$63,">="&K13)/62 -> 0.83870968 | N13: =K13/$K$64 -> 0.0059726962 | O13: =0.6745*(J13-23)/10 -> 3.17015 | R13: 156 | S13: =COUNTIFS(工作表1!E:E,"=" & R13)/24094 -> 0.00041504109 | T13: =COUNTIFS($S$2:$S$93,">="&S13)/92 -> 0.85869565 | U13: =S13/$S$94 -> 0.0085543199 | V13: =0.6745*(R13-40)/9 -> 8.6935556 | X13: 146 | Y13: =COUNTIFS(工作表1!F:F,"=" & X13) -> 3 | Z13: =ABS(X13-$AE$15)/$AE$18 -> 0.86861016 | AA13: =COUNTIFS($Y$2:$Y$158,"<="&Y13)/157 -> 0.12738854 | AB13: =Y13/$Y$159 -> 0.0054054054 | AC13: =ABS(X13-$AE$12) -> 68 | AD13: =0.6745*(X13-$AE$12)/$AE$13 -> 1.1760513 | AE13: =MEDIAN(AC2:AC158) -> 39
A14: 97 | B14: =COUNTIFS(工作表1!C:C,"=" & A14) -> 3 | C14: =ABS(A14-$H$14)/$H$17 -> 0.77731443 | D14: =COUNTIFS($B$2:$B$111,"<="&B14)/110 -> 0.16363636 | E14: =B14/$B$112 -> 0.0035128806 | F14: =ABS(A14-$H$11) -> 42.5 | G14: =0.6745*(A14-$H$11)/$H$12 -> 1.0424091 | H14: =AVERAGE(A2:A111) -> 54.636364 | J14: 69 | K14: =COUNTIFS(工作表1!D:D,"=" & J14)/24094 -> 0.0004565452 | M14: =COUNTIFS($K$2:$K$63,">="&K14)/62 -> 0.80645161 | N14: =K14/$K$64 -> 0.0093856655 | O14: =0.6745*(J14-23)/10 -> 3.1027 | R14: 154 | S14: =COUNTIFS(工作表1!E:E,"=" & R14)/24094 -> 0.0004565452 | T14: =COUNTIFS($S$2:$S$93,">="&S14)/92 -> 0.83695652 | U14: =S14/$S$94 -> 0.0094097519 | V14: =0.6745*(R14-40)/9 -> 8.5436667 | X14: 145 | Y14: =COUNTIFS(工作表1!F:F,"=" & X14) -> 3 | Z14: =ABS(X14-$AE$15)/$AE$18 -> 0.85578965 | AA14: =COUNTIFS($Y$2:$Y$158,"<="&Y14)/157 -> 0.12738854 | AB14: =Y14/$Y$159 -> 0.0054054054 | AC14: =ABS(X14-$AE$12) -> 67 | AD14: =0.6745*(X14-$AE$12)/$AE$13 -> 1.1587564
A15: 96 | B15: =COUNTIFS(工作表1!C:C,"=" & A15) -> 1 | C15: =ABS(A15-$H$14)/$H$17 -> 0.7589658 | D15: =COUNTIFS($B$2:$B$111,"<="&B15)/110 -> 0.090909091 | E15: =B15/$B$112 -> 0.0011709602 | F15: =ABS(A15-$H$11) -> 41.5 | G15: =0.6745*(A15-$H$11)/$H$12 -> 1.0178818 | H15: =_xlfn.STDEV.P(A2:A111) -> 31.970932 | J15: 68 | K15: =COUNTIFS(工作表1!D:D,"=" & J15)/24094 -> 0.00062256163 | M15: =COUNTIFS($K$2:$K$63,">="&K15)/62 -> 0.77419355 | N15: =K15/$K$64 -> 0.012798635 | O15: =0.6745*(J15-23)/10 -> 3.03525 | R15: 151 | S15: =COUNTIFS(工作表1!E:E,"=" & R15)/24094 -> 0.0009545945 | T15: =COUNTIFS($S$2:$S$93,">="&S15)/92 -> 0.76086957 | U15: =S15/$S$94 -> 0.019674936 | V15: =0.6745*(R15-40)/9 -> 8.3188333 | X15: 144 | Y15: =COUNTIFS(工作表1!F:F,"=" & X15) -> 2 | Z15: =ABS(X15-$AE$15)/$AE$18 -> 0.84296913 | AA15: =COUNTIFS($Y$2:$Y$158,"<="&Y15)/157 -> 0.10191083 | AB15: =Y15/$Y$159 -> 0.0036036036 | AC15: =ABS(X15-$AE$12) -> 66 | AD15: =0.6745*(X15-$AE$12)/$AE$13 -> 1.1414615 | AE15: =AVERAGE(X2:X158) -> 78.248408
A16: 95 | B16: =COUNTIFS(工作表1!C:C,"=" & A16) -> 2 | C16: =ABS(A16-$H$14)/$H$17 -> 0.74061718 | D16: =COUNTIFS($B$2:$B$111,"<="&B16)/110 -> 0.13636364 | E16: =B16/$B$112 -> 0.0023419204 | F16: =ABS(A16-$H$11) -> 40.5 | G16: =0.6745*(A16-$H$11)/$H$12 -> 0.99335455 | J16: 67 | K16: =COUNTIFS(工作表1!D:D,"=" & J16)/24094 -> 0.0014111397 | M16: =COUNTIFS($K$2:$K$63,">="&K16)/62 -> 0.74193548 | N16: =K16/$K$64 -> 0.029010239 | O16: =0.6745*(J16-23)/10 -> 2.9678 | R16: 150 | S16: =COUNTIFS(工作表1!E:E,"=" & R16)/24094 -> 0.00066406574 | T16: =COUNTIFS($S$2:$S$93,">="&S16)/92 -> 0.80434783 | U16: =S16/$S$94 -> 0.013686912 | V16: =0.6745*(R16-40)/9 -> 8.2438889 | X16: 143 | Y16: =COUNTIFS(工作表1!F:F,"=" & X16) -> 1 | Z16: =ABS(X16-$AE$15)/$AE$18 -> 0.83014862 | AA16: =COUNTIFS($Y$2:$Y$158,"<="&Y16)/157 -> 0.044585987 | AB16: =Y16/$Y$159 -> 0.0018018018 | AC16: =ABS(X16-$AE$12) -> 65 | AD16: =0.6745*(X16-$AE$12)/$AE$13 -> 1.1241667 | AE16: =_xlfn.STDEV.P(X2:X158) -> 45.74906
A17: 94 | B17: =COUNTIFS(工作表1!C:C,"=" & A17) -> 3 | C17: =ABS(A17-$H$14)/$H$17 -> 0.72226856 | D17: =COUNTIFS($B$2:$B$111,"<="&B17)/110 -> 0.16363636 | E17: =B17/$B$112 -> 0.0035128806 | F17: =ABS(A17-$H$11) -> 39.5 | G17: =0.6745*(A17-$H$11)/$H$12 -> 0.96882727 | H17: =QUARTILE(A2:A111,3)-QUARTILE(A2:A111,1) -> 54.5 | J17: 66 | K17: =COUNTIFS(工作表1!D:D,"=" & J17)/24094 -> 0.00053955342 | M17: =COUNTIFS($K$2:$K$63,">="&K17)/62 -> 0.79032258 | N17: =K17/$K$64 -> 0.01109215 | O17: =0.6745*(J17-23)/10 -> 2.90035 | R17: 146 | S17: =COUNTIFS(工作表1!E:E,"=" & R17)/24094 -> 0.00078857807 | T17: =COUNTIFS($S$2:$S$93,">="&S17)/92 -> 0.79347826 | U17: =S17/$S$94 -> 0.016253208 | V17: =0.6745*(R17-40)/9 -> 7.9441111 | X17: 141 | Y17: =COUNTIFS(工作表1!F:F,"=" & X17) -> 2 | Z17: =ABS(X17-$AE$15)/$AE$18 -> 0.80450759 | AA17: =COUNTIFS($Y$2:$Y$158,"<="&Y17)/157 -> 0.10191083 | AB17: =Y17/$Y$159 -> 0.0036036036 | AC17: =ABS(X17-$AE$12) -> 63 | AD17: =0.6745*(X17-$AE$12)/$AE$13 -> 1.0895769
A18: 93 | B18: =COUNTIFS(工作表1!C:C,"=" & A18) -> 2 | C18: =ABS(A18-$H$14)/$H$17 -> 0.70391993 | D18: =COUNTIFS($B$2:$B$111,"<="&B18)/110 -> 0.13636364 | E18: =B18/$B$112 -> 0.0023419204 | F18: =ABS(A18-$H$11) -> 38.5 | G18: =0.6745*(A18-$H$11)/$H$12 -> 0.9443 | J18: 65 | K18: =COUNTIFS(工作表1!D:D,"=" & J18)/24094 -> 0.00078857807 | M18: =COUNTIFS($K$2:$K$63,">="&K18)/62 -> 0.75806452 | N18: =K18/$K$64 -> 0.016211604 | O18: =0.6745*(J18-23)/10 -> 2.8329 | R18: 143 | S18: =COUNTIFS(工作表1!E:E,"=" & R18)/24094 -> 0.0010376027 | T18: =COUNTIFS($S$2:$S$93,">="&S18)/92 -> 0.75 | U18: =S18/$S$94 -> 0.0213858 | V18: =0.6745*(R18-40)/9 -> 7.7192778 | X18: 140 | Y18: =COUNTIFS(工作表1!F:F,"=" & X18) -> 4 | Z18: =ABS(X18-$AE$15)/$AE$18 -> 0.79168708 | AA18: =COUNTIFS($Y$2:$Y$158,"<="&Y18)/157 -> 0.15286624 | AB18: =Y18/$Y$159 -> 0.0072072072 | AC18: =ABS(X18-$AE$12) -> 62 | AD18: =0.6745*(X18-$AE$12)/$AE$13 -> 1.0722821 | AE18: =QUARTILE(X2:X158,3)-QUARTILE(X2:X158,1) -> 78
A19: 92 | B19: =COUNTIFS(工作表1!C:C,"=" & A19) -> 7 | C19: =ABS(A19-$H$14)/$H$17 -> 0.68557131 | D19: =COUNTIFS($B$2:$B$111,"<="&B19)/110 -> 0.21818182 | E19: =B19/$B$112 -> 0.0081967213 | F19: =ABS(A19-$H$11) -> 37.5 | G19: =0.6745*(A19-$H$11)/$H$12 -> 0.91977273 | J19: 64 | K19: =COUNTIFS(工作表1!D:D,"=" & J19)/24094 -> 0.0021582137 | M19: =COUNTIFS($K$2:$K$63,">="&K19)/62 -> 0.69354839 | N19: =K19/$K$64 -> 0.044368601 | O19: =0.6745*(J19-23)/10 -> 2.76545 | R19: 140 | S19: =COUNTIFS(工作表1!E:E,"=" & R19)/24094 -> 0.0011206109 | T19: =COUNTIFS($S$2:$S$93,">="&S19)/92 -> 0.72826087 | U19: =S19/$S$94 -> 0.023096664 | V19: =0.6745*(R19-40)/9 -> 7.4944444 | X19: 139 | Y19: =COUNTIFS(工作表1!F:F,"=" & X19) -> 5 | Z19: =ABS(X19-$AE$15)/$AE$18 -> 0.77886657 | AA19: =COUNTIFS($Y$2:$Y$158,"<="&Y19)/157 -> 0.15923567 | AB19: =Y19/$Y$159 -> 0.009009009 | AC19: =ABS(X19-$AE$12) -> 61 | AD19: =0.6745*(X19-$AE$12)/$AE$13 -> 1.0549872
A20: 91 | B20: =COUNTIFS(工作表1!C:C,"=" & A20) -> 2 | C20: =ABS(A20-$H$14)/$H$17 -> 0.66722269 | D20: =COUNTIFS($B$2:$B$111,"<="&B20)/110 -> 0.13636364 | E20: =B20/$B$112 -> 0.0023419204 | F20: =ABS(A20-$H$11) -> 36.5 | G20: =0.6745*(A20-$H$11)/$H$12 -> 0.89524545 | J20: 63 | K20: =COUNTIFS(工作表1!D:D,"=" & J20)/24094 -> 0.001535652 | M20: =COUNTIFS($K$2:$K$63,">="&K20)/62 -> 0.72580645 | N20: =K20/$K$64 -> 0.031569966 | O20: =0.6745*(J20-23)/10 -> 2.698 | R20: 136 | S20: =COUNTIFS(工作表1!E:E,"=" & R20)/24094 -> 0.0010376027 | T20: =COUNTIFS($S$2:$S$93,">="&S20)/92 -> 0.75 | U20: =S20/$S$94 -> 0.0213858 | V20: =0.6745*(R20-40)/9 -> 7.1946667 | X20: 138 | Y20: =COUNTIFS(工作表1!F:F,"=" & X20) -> 3 | Z20: =ABS(X20-$AE$15)/$AE$18 -> 0.76604606 | AA20: =COUNTIFS($Y$2:$Y$158,"<="&Y20)/157 -> 0.12738854 | AB20: =Y20/$Y$159 -> 0.0054054054 | AC20: =ABS(X20-$AE$12) -> 60 | AD20: =0.6745*(X20-$AE$12)/$AE$13 -> 1.0376923
A21: 90 | B21: =COUNTIFS(工作表1!C:C,"=" & A21) -> 5 | C21: =ABS(A21-$H$14)/$H$17 -> 0.64887406 | D21: =COUNTIFS($B$2:$B$111,"<="&B21)/110 -> 0.19090909 | E21: =B21/$B$112 -> 0.0058548009 | F21: =ABS(A21-$H$11) -> 35.5 | G21: =0.6745*(A21-$H$11)/$H$12 -> 0.87071818 | J21: 62 | K21: =COUNTIFS(工作表1!D:D,"=" & J21)/24094 -> 0.0022412219 | M21: =COUNTIFS($K$2:$K$63,">="&K21)/62 -> 0.67741935 | N21: =K21/$K$64 -> 0.046075085 | O21: =0.6745*(J21-23)/10 -> 2.63055 | R21: 132 | S21: =COUNTIFS(工作表1!E:E,"=" & R21)/24094 -> 0.0012451233 | T21: =COUNTIFS($S$2:$S$93,">="&S21)/92 -> 0.7173913 | U21: =S21/$S$94 -> 0.02566296 | V21: =0.6745*(R21-40)/9 -> 6.8948889 | X21: 137 | Y21: =COUNTIFS(工作表1!F:F,"=" & X21) -> 2 | Z21: =ABS(X21-$AE$15)/$AE$18 -> 0.75322554 | AA21: =COUNTIFS($Y$2:$Y$158,"<="&Y21)/157 -> 0.10191083 | AB21: =Y21/$Y$159 -> 0.0036036036 | AC21: =ABS(X21-$AE$12) -> 59 | AD21: =0.6745*(X21-$AE$12)/$AE$13 -> 1.0203974
A22: 89 | B22: =COUNTIFS(工作表1!C:C,"=" & A22) -> 3 | C22: =ABS(A22-$H$14)/$H$17 -> 0.63052544 | D22: =COUNTIFS($B$2:$B$111,"<="&B22)/110 -> 0.16363636 | E22: =B22/$B$112 -> 0.0035128806 | F22: =ABS(A22-$H$11) -> 34.5 | G22: =0.6745*(A22-$H$11)/$H$12 -> 0.84619091 | J22: 61 | K22: =COUNTIFS(工作表1!D:D,"=" & J22)/24094 -> 0.001909189 | M22: =COUNTIFS($K$2:$K$63,">="&K22)/62 -> 0.70967742 | N22: =K22/$K$64 -> 0.039249147 | O22: =0.6745*(J22-23)/10 -> 2.5631 | R22: 129 | S22: =COUNTIFS(工作表1!E:E,"=" & R22)/24094 -> 0.0023242301 | T22: =COUNTIFS($S$2:$S$93,">="&S22)/92 -> 0.66304348 | U22: =S22/$S$94 -> 0.047904192 | V22: =0.6745*(R22-40)/9 -> 6.6700556 | X22: 136 | Y22: =COUNTIFS(工作表1!F:F,"=" & X22) -> 1 | Z22: =ABS(X22-$AE$15)/$AE$18 -> 0.74040503 | AA22: =COUNTIFS($Y$2:$Y$158,"<="&Y22)/157 -> 0.044585987 | AB22: =Y22/$Y$159 -> 0.0018018018 | AC22: =ABS(X22-$AE$12) -> 58 | AD22: =0.6745*(X22-$AE$12)/$AE$13 -> 1.0031026
A23: 88 | B23: =COUNTIFS(工作表1!C:C,"=" & A23) -> 8 | C23: =ABS(A23-$H$14)/$H$17 -> 0.61217681 | D23: =COUNTIFS($B$2:$B$111,"<="&B23)/110 -> 0.23636364 | E23: =B23/$B$112 -> 0.0093676815 | F23: =ABS(A23-$H$11) -> 33.5 | G23: =0.6745*(A23-$H$11)/$H$12 -> 0.82166364 | J23: 60 | K23: =COUNTIFS(工作表1!D:D,"=" & J23)/24094 -> 0.0043994355 | M23: =COUNTIFS($K$2:$K$63,">="&K23)/62 -> 0.61290323 | N23: =K23/$K$64 -> 0.090443686 | O23: =0.6745*(J23-23)/10 -> 2.49565 | R23: 126 | S23: =COUNTIFS(工作表1!E:E,"=" & R23)/24094 -> 0.0021997178 | T23: =COUNTIFS($S$2:$S$93,">="&S23)/92 -> 0.67391304 | U23: =S23/$S$94 -> 0.045337896 | V23: =0.6745*(R23-40)/9 -> 6.4452222 | X23: 135 | Y23: =COUNTIFS(工作表1!F:F,"=" & X23) -> 4 | Z23: =ABS(X23-$AE$15)/$AE$18 -> 0.72758452 | AA23: =COUNTIFS($Y$2:$Y$158,"<="&Y23)/157 -> 0.15286624 | AB23: =Y23/$Y$159 -> 0.0072072072 | AC23: =ABS(X23-$AE$12) -> 57 | AD23: =0.6745*(X23-$AE$12)/$AE$13 -> 0.98580769
A24: 87 | B24: =COUNTIFS(工作表1!C:C,"=" & A24) -> 4 | C24: =ABS(A24-$H$14)/$H$17 -> 0.59382819 | D24: =COUNTIFS($B$2:$B$111,"<="&B24)/110 -> 0.18181818 | E24: =B24/$B$112 -> 0.0046838407 | F24: =ABS(A24-$H$11) -> 32.5 | G24: =0.6745*(A24-$H$11)/$H$12 -> 0.79713636 | J24: 59 | K24: =COUNTIFS(工作表1!D:D,"=" & J24)/24094 -> 0.0023657342 | M24: =COUNTIFS($K$2:$K$63,">="&K24)/62 -> 0.64516129 | N24: =K24/$K$64 -> 0.048634812 | O24: =0.6745*(J24-23)/10 -> 2.4282 | R24: 122 | S24: =COUNTIFS(工作表1!E:E,"=" & R24)/24094 -> 0.0020337013 | T24: =COUNTIFS($S$2:$S$93,">="&S24)/92 -> 0.68478261 | U24: =S24/$S$94 -> 0.041916168 | V24: =0.6745*(R24-40)/9 -> 6.1454444 | X24: 134 | Y24: =COUNTIFS(工作表1!F:F,"=" & X24) -> 3 | Z24: =ABS(X24-$AE$15)/$AE$18 -> 0.714764 | AA24: =COUNTIFS($Y$2:$Y$158,"<="&Y24)/157 -> 0.12738854 | AB24: =Y24/$Y$159 -> 0.0054054054 | AC24: =ABS(X24-$AE$12) -> 56 | AD24: =0.6745*(X24-$AE$12)/$AE$13 -> 0.96851282
A25: 86 | B25: =COUNTIFS(工作表1!C:C,"=" & A25) -> 8 | C25: =ABS(A25-$H$14)/$H$17 -> 0.57547957 | D25: =COUNTIFS($B$2:$B$111,"<="&B25)/110 -> 0.23636364 | E25: =B25/$B$112 -> 0.0093676815 | F25: =ABS(A25-$H$11) -> 31.5 | G25: =0.6745*(A25-$H$11)/$H$12 -> 0.77260909 | J25: 58 | K25: =COUNTIFS(工作表1!D:D,"=" & J25)/24094 -> 0.0027807753 | M25: =COUNTIFS($K$2:$K$63,">="&K25)/62 -> 0.62903226 | N25: =K25/$K$64 -> 0.057167235 | O25: =0.6745*(J25-23)/10 -> 2.36075 | R25: 118 | S25: =COUNTIFS(工作表1!E:E,"=" & R25)/24094 -> 0.0027807753 | T25: =COUNTIFS($S$2:$S$93,">="&S25)/92 -> 0.64130435 | U25: =S25/$S$94 -> 0.057313944 | V25: =0.6745*(R25-40)/9 -> 5.8456667 | X25: 133 | Y25: =COUNTIFS(工作表1!F:F,"=" & X25) -> 6 | Z25: =ABS(X25-$AE$15)/$AE$18 -> 0.70194349 | AA25: =COUNTIFS($Y$2:$Y$158,"<="&Y25)/157 -> 0.17834395 | AB25: =Y25/$Y$159 -> 0.010810811 | AC25: =ABS(X25-$AE$12) -> 55 | AD25: =0.6745*(X25-$AE$12)/$AE$13 -> 0.95121795
A26: 85 | B26: =COUNTIFS(工作表1!C:C,"=" & A26) -> 9 | C26: =ABS(A26-$H$14)/$H$17 -> 0.55713094 | D26: =COUNTIFS($B$2:$B$111,"<="&B26)/110 -> 0.26363636 | E26: =B26/$B$112 -> 0.010538642 | F26: =ABS(A26-$H$11) -> 30.5 | G26: =0.6745*(A26-$H$11)/$H$12 -> 0.74808182 | J26: 57 | K26: =COUNTIFS(工作表1!D:D,"=" & J26)/24094 -> 0.0063916328 | M26: =COUNTIFS($K$2:$K$63,">="&K26)/62 -> 0.56451613 | N26: =K26/$K$64 -> 0.13139932 | O26: =0.6745*(J26-23)/10 -> 2.2933 | R26: 115 | S26: =COUNTIFS(工作表1!E:E,"=" & R26)/24094 -> 0.0027807753 | T26: =COUNTIFS($S$2:$S$93,">="&S26)/92 -> 0.64130435 | U26: =S26/$S$94 -> 0.057313944 | V26: =0.6745*(R26-40)/9 -> 5.6208333 | X26: 132 | Y26: =COUNTIFS(工作表1!F:F,"=" & X26) -> 6 | Z26: =ABS(X26-$AE$15)/$AE$18 -> 0.68912298 | AA26: =COUNTIFS($Y$2:$Y$158,"<="&Y26)/157 -> 0.17834395 | AB26: =Y26/$Y$159 -> 0.010810811 | AC26: =ABS(X26-$AE$12) -> 54 | AD26: =0.6745*(X26-$AE$12)/$AE$13 -> 0.93392308
A27: 84 | B27: =COUNTIFS(工作表1!C:C,"=" & A27) -> 7 | C27: =ABS(A27-$H$14)/$H$17 -> 0.53878232 | D27: =COUNTIFS($B$2:$B$111,"<="&B27)/110 -> 0.21818182 | E27: =B27/$B$112 -> 0.0081967213 | F27: =ABS(A27-$H$11) -> 29.5 | G27: =0.6745*(A27-$H$11)/$H$12 -> 0.72355455 | J27: 56 | K27: =COUNTIFS(工作表1!D:D,"=" & J27)/24094 -> 0.0043994355 | M27: =COUNTIFS($K$2:$K$63,">="&K27)/62 -> 0.61290323 | N27: =K27/$K$64 -> 0.090443686 | O27: =0.6745*(J27-23)/10 -> 2.22585 | R27: 112 | S27: =COUNTIFS(工作表1!E:E,"=" & R27)/24094 -> 0.0032373205 | T27: =COUNTIFS($S$2:$S$93,">="&S27)/92 -> 0.61956522 | U27: =S27/$S$94 -> 0.066723695 | V27: =0.6745*(R27-40)/9 -> 5.396 | X27: 131 | Y27: =COUNTIFS(工作表1!F:F,"=" & X27) -> 4 | Z27: =ABS(X27-$AE$15)/$AE$18 -> 0.67630247 | AA27: =COUNTIFS($Y$2:$Y$158,"<="&Y27)/157 -> 0.15286624 | AB27: =Y27/$Y$159 -> 0.0072072072 | AC27: =ABS(X27-$AE$12) -> 53 | AD27: =0.6745*(X27-$AE$12)/$AE$13 -> 0.91662821
A28: 83 | B28: =COUNTIFS(工作表1!C:C,"=" & A28) -> 6 | C28: =ABS(A28-$H$14)/$H$17 -> 0.52043369 | D28: =COUNTIFS($B$2:$B$111,"<="&B28)/110 -> 0.2 | E28: =B28/$B$112 -> 0.0070257611 | F28: =ABS(A28-$H$11) -> 28.5 | G28: =0.6745*(A28-$H$11)/$H$12 -> 0.69902727 | J28: 55 | K28: =COUNTIFS(工作表1!D:D,"=" & J28)/24094 -> 0.01141363 | M28: =COUNTIFS($K$2:$K$63,">="&K28)/62 -> 0.5 | N28: =K28/$K$64 -> 0.23464164 | O28: =0.6745*(J28-23)/10 -> 2.1584 | R28: 108 | S28: =COUNTIFS(工作表1!E:E,"=" & R28)/24094 -> 0.003818378 | T28: =COUNTIFS($S$2:$S$93,">="&S28)/92 -> 0.59782609 | U28: =S28/$S$94 -> 0.078699743 | V28: =0.6745*(R28-40)/9 -> 5.0962222 | X28: 130 | Y28: =COUNTIFS(工作表1!F:F,"=" & X28) -> 2 | Z28: =ABS(X28-$AE$15)/$AE$18 -> 0.66348195 | AA28: =COUNTIFS($Y$2:$Y$158,"<="&Y28)/157 -> 0.10191083 | AB28: =Y28/$Y$159 -> 0.0036036036 | AC28: =ABS(X28-$AE$12) -> 52 | AD28: =0.6745*(X28-$AE$12)/$AE$13 -> 0.89933333
A29: 82 | B29: =COUNTIFS(工作表1!C:C,"=" & A29) -> 9 | C29: =ABS(A29-$H$14)/$H$17 -> 0.50208507 | D29: =COUNTIFS($B$2:$B$111,"<="&B29)/110 -> 0.26363636 | E29: =B29/$B$112 -> 0.010538642 | F29: =ABS(A29-$H$11) -> 27.5 | G29: =0.6745*(A29-$H$11)/$H$12 -> 0.6745 | J29: 54 | K29: =COUNTIFS(工作表1!D:D,"=" & J29)/24094 -> 0.006101104 | M29: =COUNTIFS($K$2:$K$63,">="&K29)/62 -> 0.58064516 | N29: =K29/$K$64 -> 0.12542662 | O29: =0.6745*(J29-23)/10 -> 2.09095 | R29: 104 | S29: =COUNTIFS(工作表1!E:E,"=" & R29)/24094 -> 0.003818378 | T29: =COUNTIFS($S$2:$S$93,">="&S29)/92 -> 0.59782609 | U29: =S29/$S$94 -> 0.078699743 | V29: =0.6745*(R29-40)/9 -> 4.7964444 | X29: 129 | Y29: =COUNTIFS(工作表1!F:F,"=" & X29) -> 8 | Z29: =ABS(X29-$AE$15)/$AE$18 -> 0.65066144 | AA29: =COUNTIFS($Y$2:$Y$158,"<="&Y29)/157 -> 0.21019108 | AB29: =Y29/$Y$159 -> 0.014414414 | AC29: =ABS(X29-$AE$12) -> 51 | AD29: =0.6745*(X29-$AE$12)/$AE$13 -> 0.88203846
A30: 81 | B30: =COUNTIFS(工作表1!C:C,"=" & A30) -> 17 | C30: =ABS(A30-$H$14)/$H$17 -> 0.48373645 | D30: =COUNTIFS($B$2:$B$111,"<="&B30)/110 -> 0.29090909 | E30: =B30/$B$112 -> 0.019906323 | F30: =ABS(A30-$H$11) -> 26.5 | G30: =0.6745*(A30-$H$11)/$H$12 -> 0.64997273 | J30: 53 | K30: =COUNTIFS(工作表1!D:D,"=" & J30)/24094 -> 0.0066821615 | M30: =COUNTIFS($K$2:$K$63,">="&K30)/62 -> 0.5483871 | N30: =K30/$K$64 -> 0.13737201 | O30: =0.6745*(J30-23)/10 -> 2.0235 | R30: 101 | S30: =COUNTIFS(工作表1!E:E,"=" & R30)/24094 -> 0.0047729725 | T30: =COUNTIFS($S$2:$S$93,">="&S30)/92 -> 0.56521739 | U30: =S30/$S$94 -> 0.098374679 | V30: =0.6745*(R30-40)/9 -> 4.5716111 | X30: 128 | Y30: =COUNTIFS(工作表1!F:F,"=" & X30) -> 10 | Z30: =ABS(X30-$AE$15)/$AE$18 -> 0.63784093 | AA30: =COUNTIFS($Y$2:$Y$158,"<="&Y30)/157 -> 0.22929936 | AB30: =Y30/$Y$159 -> 0.018018018 | AC30: =ABS(X30-$AE$12) -> 50 | AD30: =0.6745*(X30-$AE$12)/$AE$13 -> 0.86474359
... A63: 48 | B63: =COUNTIFS(工作表1!C:C,"=" & A63) -> 210 | C63: =ABS(A63-$H$14)/$H$17 -> 0.12176814 | D63: =COUNTIFS($B$2:$B$111,"<="&B63)/110 -> 0.61818182 | E63: =B63/$B$112 -> 0.24590164 | F63: =ABS(A63-$H$11) -> 6.5 | G63: =0.6745*(A63-$H$11)/$H$12 -> -0.15942727 | J63: 0 | K63: =COUNTIFS(工作表1!D:D,"=" & J63)/24094 -> 0.002282726 | M63: =COUNTIFS($K$2:$K$63,">="&K63)/62 -> 0.66129032 | N63: =K63/$K$64 -> 0.046928328 | O63: =0.6745*(J63-23)/10 -> -1.55135 | R63: 34 | S63: =COUNTIFS(工作表1!E:E,"=" & R63)/24094 -> 0.024943969 | T63: =COUNTIFS($S$2:$S$93,">="&S63)/92 -> 0.15217391 | U63: =S63/$S$94 -> 0.51411463 | V63: =0.6745*(R63-40)/9 -> -0.44966667 | X63: 95 | Y63: =COUNTIFS(工作表1!F:F,"=" & X63) -> 61 | Z63: =ABS(X63-$AE$15)/$AE$18 -> 0.214764 | AA63: =COUNTIFS($Y$2:$Y$158,"<="&Y63)/157 -> 0.43949045 | AB63: =Y63/$Y$159 -> 0.10990991 | AC63: =ABS(X63-$AE$12) -> 17 | AD63: =0.6745*(X63-$AE$12)/$AE$13 -> 0.29401282
A64: 47 | B64: =COUNTIFS(工作表1!C:C,"=" & A64) -> 215 | C64: =ABS(A64-$H$14)/$H$17 -> 0.14011676 | D64: =COUNTIFS($B$2:$B$111,"<="&B64)/110 -> 0.63636364 | E64: =B64/$B$112 -> 0.25175644 | F64: =ABS(A64-$H$11) -> 7.5 | G64: =0.6745*(A64-$H$11)/$H$12 -> -0.18395455 | K64: =MAX(K2:K63) -> 0.048642816 | R64: 33 | S64: =COUNTIFS(工作表1!E:E,"=" & R64)/24094 -> 0.025359011 | T64: =COUNTIFS($S$2:$S$93,">="&S64)/92 -> 0.13043478 | U64: =S64/$S$94 -> 0.52266895 | V64: =0.6745*(R64-40)/9 -> -0.52461111 | X64: 94 | Y64: =COUNTIFS(工作表1!F:F,"=" & X64) -> 41 | Z64: =ABS(X64-$AE$15)/$AE$18 -> 0.20194349 | AA64: =COUNTIFS($Y$2:$Y$158,"<="&Y64)/157 -> 0.39490446 | AB64: =Y64/$Y$159 -> 0.073873874 | AC64: =ABS(X64-$AE$12) -> 16 | AD64: =0.6745*(X64-$AE$12)/$AE$13 -> 0.27671795
A65: 46 | B65: =COUNTIFS(工作表1!C:C,"=" & A65) -> 224 | C65: =ABS(A65-$H$14)/$H$17 -> 0.15846539 | D65: =COUNTIFS($B$2:$B$111,"<="&B65)/110 -> 0.64545455 | E65: =B65/$B$112 -> 0.26229508 | F65: =ABS(A65-$H$11) -> 8.5 | G65: =0.6745*(A65-$H$11)/$H$12 -> -0.20848182 | R65: 32 | S65: =COUNTIFS(工作表1!E:E,"=" & R65)/24094 -> 0.025981572 | T65: =COUNTIFS($S$2:$S$93,">="&S65)/92 -> 0.10869565 | U65: =S65/$S$94 -> 0.53550043 | V65: =0.6745*(R65-40)/9 -> -0.59955556 | X65: 93 | Y65: =COUNTIFS(工作表1!F:F,"=" & X65) -> 43 | Z65: =ABS(X65-$AE$15)/$AE$18 -> 0.18912298 | AA65: =COUNTIFS($Y$2:$Y$158,"<="&Y65)/157 -> 0.40764331 | AB65: =Y65/$Y$159 -> 0.077477477 | AC65: =ABS(X65-$AE$12) -> 15 | AD65: =0.6745*(X65-$AE$12)/$AE$13 -> 0.25942308
A66: 45 | B66: =COUNTIFS(工作表1!C:C,"=" & A66) -> 244 | C66: =ABS(A66-$H$14)/$H$17 -> 0.17681401 | D66: =COUNTIFS($B$2:$B$111,"<="&B66)/110 -> 0.65454545 | E66: =B66/$B$112 -> 0.28571429 | F66: =ABS(A66-$H$11) -> 9.5 | G66: =0.6745*(A66-$H$11)/$H$12 -> -0.23300909 | R66: 31 | S66: =COUNTIFS(工作表1!E:E,"=" & R66)/24094 -> 0.046899643 | T66: =COUNTIFS($S$2:$S$93,">="&S66)/92 -> 0.02173913 | U66: =S66/$S$94 -> 0.96663815 | V66: =0.6745*(R66-40)/9 -> -0.6745 | X66: 92 | Y66: =COUNTIFS(工作表1!F:F,"=" & X66) -> 48 | Z66: =ABS(X66-$AE$15)/$AE$18 -> 0.17630247 | AA66: =COUNTIFS($Y$2:$Y$158,"<="&Y66)/157 -> 0.42038217 | AB66: =Y66/$Y$159 -> 0.086486486 | AC66: =ABS(X66-$AE$12) -> 14 | AD66: =0.6745*(X66-$AE$12)/$AE$13 -> 0.24212821
A67: 44 | B67: =COUNTIFS(工作表1!C:C,"=" & A67) -> 245 | C67: =ABS(A67-$H$14)/$H$17 -> 0.19516264 | D67: =COUNTIFS($B$2:$B$111,"<="&B67)/110 -> 0.66363636 | E67: =B67/$B$112 -> 0.28688525 | F67: =ABS(A67-$H$11) -> 10.5 | G67: =0.6745*(A67-$H$11)/$H$12 -> -0.25753636 | R67: 30 | S67: =COUNTIFS(工作表1!E:E,"=" & R67)/24094 -> 0.022661243 | T67: =COUNTIFS($S$2:$S$93,">="&S67)/92 -> 0.19565217 | U67: =S67/$S$94 -> 0.46706587 | V67: =0.6745*(R67-40)/9 -> -0.74944444 | X67: 91 | Y67: =COUNTIFS(工作表1!F:F,"=" & X67) -> 70 | Z67: =ABS(X67-$AE$15)/$AE$18 -> 0.16348195 | AA67: =COUNTIFS($Y$2:$Y$158,"<="&Y67)/157 -> 0.47133758 | AB67: =Y67/$Y$159 -> 0.12612613 | AC67: =ABS(X67-$AE$12) -> 13 | AD67: =0.6745*(X67-$AE$12)/$AE$13 -> 0.22483333
A68: 43 | B68: =COUNTIFS(工作表1!C:C,"=" & A68) -> 274 | C68: =ABS(A68-$H$14)/$H$17 -> 0.21351126 | D68: =COUNTIFS($B$2:$B$111,"<="&B68)/110 -> 0.69090909 | E68: =B68/$B$112 -> 0.32084309 | F68: =ABS(A68-$H$11) -> 11.5 | G68: =0.6745*(A68-$H$11)/$H$12 -> -0.28206364 | R68: 29 | S68: =COUNTIFS(工作表1!E:E,"=" & R68)/24094 -> 0.020793559 | T68: =COUNTIFS($S$2:$S$93,">="&S68)/92 -> 0.23913043 | U68: =S68/$S$94 -> 0.42857143 | V68: =0.6745*(R68-40)/9 -> -0.82438889 | X68: 90 | Y68: =COUNTIFS(工作表1!F:F,"=" & X68) -> 60 | Z68: =ABS(X68-$AE$15)/$AE$18 -> 0.15066144 | AA68: =COUNTIFS($Y$2:$Y$158,"<="&Y68)/157 -> 0.43312102 | AB68: =Y68/$Y$159 -> 0.10810811 | AC68: =ABS(X68-$AE$12) -> 12 | AD68: =0.6745*(X68-$AE$12)/$AE$13 -> 0.20753846
A69: 42 | B69: =COUNTIFS(工作表1!C:C,"=" & A69) -> 256 | C69: =ABS(A69-$H$14)/$H$17 -> 0.23185988 | D69: =COUNTIFS($B$2:$B$111,"<="&B69)/110 -> 0.68181818 | E69: =B69/$B$112 -> 0.29976581 | F69: =ABS(A69-$H$11) -> 12.5 | G69: =0.6745*(A69-$H$11)/$H$12 -> -0.30659091 | R69: 28 | S69: =COUNTIFS(工作表1!E:E,"=" & R69)/24094 -> 0.019216402 | T69: =COUNTIFS($S$2:$S$93,">="&S69)/92 -> 0.27173913 | U69: =S69/$S$94 -> 0.39606501 | V69: =0.6745*(R69-40)/9 -> -0.89933333 | X69: 89 | Y69: =COUNTIFS(工作表1!F:F,"=" & X69) -> 79 | Z69: =ABS(X69-$AE$15)/$AE$18 -> 0.13784093 | AA69: =COUNTIFS($Y$2:$Y$158,"<="&Y69)/157 -> 0.47770701 | AB69: =Y69/$Y$159 -> 0.14234234 | AC69: =ABS(X69-$AE$12) -> 11 | AD69: =0.6745*(X69-$AE$12)/$AE$13 -> 0.19024359
A70: 41 | B70: =COUNTIFS(工作表1!C:C,"=" & A70) -> 302 | C70: =ABS(A70-$H$14)/$H$17 -> 0.25020851 | D70: =COUNTIFS($B$2:$B$111,"<="&B70)/110 -> 0.7 | E70: =B70/$B$112 -> 0.35362998 | F70: =ABS(A70-$H$11) -> 13.5 | G70: =0.6745*(A70-$H$11)/$H$12 -> -0.33111818 | R70: 27 | S70: =COUNTIFS(工作表1!E:E,"=" & R70)/24094 -> 0.020420022 | T70: =COUNTIFS($S$2:$S$93,">="&S70)/92 -> 0.25 | U70: =S70/$S$94 -> 0.42087254 | V70: =0.6745*(R70-40)/9 -> -0.97427778 | X70: 88 | Y70: =COUNTIFS(工作表1!F:F,"=" & X70) -> 68 | Z70: =ABS(X70-$AE$15)/$AE$18 -> 0.12502041 | AA70: =COUNTIFS($Y$2:$Y$158,"<="&Y70)/157 -> 0.44585987 | AB70: =Y70/$Y$159 -> 0.12252252 | AC70: =ABS(X70-$AE$12) -> 10 | AD70: =0.6745*(X70-$AE$12)/$AE$13 -> 0.17294872
A71: 40 | B71: =COUNTIFS(工作表1!C:C,"=" & A71) -> 320 | C71: =ABS(A71-$H$14)/$H$17 -> 0.26855713 | D71: =COUNTIFS($B$2:$B$111,"<="&B71)/110 -> 0.72727273 | E71: =B71/$B$112 -> 0.37470726 | F71: =ABS(A71-$H$11) -> 14.5 | G71: =0.6745*(A71-$H$11)/$H$12 -> -0.35564545 | R71: 26 | S71: =COUNTIFS(工作表1!E:E,"=" & R71)/24094 -> 0.017639246 | T71: =COUNTIFS($S$2:$S$93,">="&S71)/92 -> 0.29347826 | U71: =S71/$S$94 -> 0.3635586 | V71: =0.6745*(R71-40)/9 -> -1.0492222 | X71: 87 | Y71: =COUNTIFS(工作表1!F:F,"=" & X71) -> 70 | Z71: =ABS(X71-$AE$15)/$AE$18 -> 0.1121999 | AA71: =COUNTIFS($Y$2:$Y$158,"<="&Y71)/157 -> 0.47133758 | AB71: =Y71/$Y$159 -> 0.12612613 | AC71: =ABS(X71-$AE$12) -> 9 | AD71: =0.6745*(X71-$AE$12)/$AE$13 -> 0.15565385
A72: 39 | B72: =COUNTIFS(工作表1!C:C,"=" & A72) -> 317 | C72: =ABS(A72-$H$14)/$H$17 -> 0.28690575 | D72: =COUNTIFS($B$2:$B$111,"<="&B72)/110 -> 0.70909091 | E72: =B72/$B$112 -> 0.37119438 | F72: =ABS(A72-$H$11) -> 15.5 | G72: =0.6745*(A72-$H$11)/$H$12 -> -0.38017273 | R72: 25 | S72: =COUNTIFS(工作表1!E:E,"=" & R72)/24094 -> 0.014360422 | T72: =COUNTIFS($S$2:$S$93,">="&S72)/92 -> 0.34782609 | U72: =S72/$S$94 -> 0.29597947 | V72: =0.6745*(R72-40)/9 -> -1.1241667 | X72: 86 | Y72: =COUNTIFS(工作表1!F:F,"=" & X72) -> 70 | Z72: =ABS(X72-$AE$15)/$AE$18 -> 0.099379389 | AA72: =COUNTIFS($Y$2:$Y$158,"<="&Y72)/157 -> 0.47133758 | AB72: =Y72/$Y$159 -> 0.12612613 | AC72: =ABS(X72-$AE$12) -> 8 | AD72: =0.6745*(X72-$AE$12)/$AE$13 -> 0.13835897
A73: 38 | B73: =COUNTIFS(工作表1!C:C,"=" & A73) -> 358 | C73: =ABS(A73-$H$14)/$H$17 -> 0.30525438 | D73: =COUNTIFS($B$2:$B$111,"<="&B73)/110 -> 0.75454545 | E73: =B73/$B$112 -> 0.41920375 | F73: =ABS(A73-$H$11) -> 16.5 | G73: =0.6745*(A73-$H$11)/$H$12 -> -0.4047 | R73: 24 | S73: =COUNTIFS(工作表1!E:E,"=" & R73)/24094 -> 0.014194405 | T73: =COUNTIFS($S$2:$S$93,">="&S73)/92 -> 0.35869565 | U73: =S73/$S$94 -> 0.29255774 | V73: =0.6745*(R73-40)/9 -> -1.1991111 | X73: 85 | Y73: =COUNTIFS(工作表1!F:F,"=" & X73) -> 87 | Z73: =ABS(X73-$AE$15)/$AE$18 -> 0.086558876 | AA73: =COUNTIFS($Y$2:$Y$158,"<="&Y73)/157 -> 0.49044586 | AB73: =Y73/$Y$159 -> 0.15675676 | AC73: =ABS(X73-$AE$12) -> 7 | AD73: =0.6745*(X73-$AE$12)/$AE$13 -> 0.1210641
A74: 37 | B74: =COUNTIFS(工作表1!C:C,"=" & A74) -> 351 | C74: =ABS(A74-$H$14)/$H$17 -> 0.323603 | D74: =COUNTIFS($B$2:$B$111,"<="&B74)/110 -> 0.74545455 | E74: =B74/$B$112 -> 0.41100703 | F74: =ABS(A74-$H$11) -> 17.5 | G74: =0.6745*(A74-$H$11)/$H$12 -> -0.42922727 | R74: 23 | S74: =COUNTIFS(工作表1!E:E,"=" & R74)/24094 -> 0.013613348 | T74: =COUNTIFS($S$2:$S$93,">="&S74)/92 -> 0.38043478 | U74: =S74/$S$94 -> 0.28058169 | V74: =0.6745*(R74-40)/9 -> -1.2740556 | X74: 84 | Y74: =COUNTIFS(工作表1!F:F,"=" & X74) -> 106 | Z74: =ABS(X74-$AE$15)/$AE$18 -> 0.073738364 | AA74: =COUNTIFS($Y$2:$Y$158,"<="&Y74)/157 -> 0.51592357 | AB74: =Y74/$Y$159 -> 0.19099099 | AC74: =ABS(X74-$AE$12) -> 6 | AD74: =0.6745*(X74-$AE$12)/$AE$13 -> 0.10376923
A75: 36 | B75: =COUNTIFS(工作表1!C:C,"=" & A75) -> 348 | C75: =ABS(A75-$H$14)/$H$17 -> 0.34195163 | D75: =COUNTIFS($B$2:$B$111,"<="&B75)/110 -> 0.73636364 | E75: =B75/$B$112 -> 0.40749415 | F75: =ABS(A75-$H$11) -> 18.5 | G75: =0.6745*(A75-$H$11)/$H$12 -> -0.45375455 | R75: 22 | S75: =COUNTIFS(工作表1!E:E,"=" & R75)/24094 -> 0.011662655 | T75: =COUNTIFS($S$2:$S$93,">="&S75)/92 -> 0.40217391 | U75: =S75/$S$94 -> 0.24037639 | V75: =0.6745*(R75-40)/9 -> -1.349 | X75: 83 | Y75: =COUNTIFS(工作表1!F:F,"=" & X75) -> 99 | Z75: =ABS(X75-$AE$15)/$AE$18 -> 0.060917851 | AA75: =COUNTIFS($Y$2:$Y$158,"<="&Y75)/157 -> 0.50955414 | AB75: =Y75/$Y$159 -> 0.17837838 | AC75: =ABS(X75-$AE$12) -> 5 | AD75: =0.6745*(X75-$AE$12)/$AE$13 -> 0.086474359
A76: 35 | B76: =COUNTIFS(工作表1!C:C,"=" & A76) -> 386 | C76: =ABS(A76-$H$14)/$H$17 -> 0.36030025 | D76: =COUNTIFS($B$2:$B$111,"<="&B76)/110 -> 0.76363636 | E76: =B76/$B$112 -> 0.45199063 | F76: =ABS(A76-$H$11) -> 19.5 | G76: =0.6745*(A76-$H$11)/$H$12 -> -0.47828182 | R76: 21 | S76: =COUNTIFS(工作表1!E:E,"=" & R76)/24094 -> 0.010417531 | T76: =COUNTIFS($S$2:$S$93,">="&S76)/92 -> 0.44565217 | U76: =S76/$S$94 -> 0.21471343 | V76: =0.6745*(R76-40)/9 -> -1.4239444 | X76: 82 | Y76: =COUNTIFS(工作表1!F:F,"=" & X76) -> 115 | Z76: =ABS(X76-$AE$15)/$AE$18 -> 0.048097338 | AA76: =COUNTIFS($Y$2:$Y$158,"<="&Y76)/157 -> 0.52229299 | AB76: =Y76/$Y$159 -> 0.20720721 | AC76: =ABS(X76-$AE$12) -> 4 | AD76: =0.6745*(X76-$AE$12)/$AE$13 -> 0.069179487
... A93: 18 | B93: =COUNTIFS(工作表1!C:C,"=" & A93) -> 854 | C93: =ABS(A93-$H$14)/$H$17 -> 0.67222686 | D93: =COUNTIFS($B$2:$B$111,"<="&B93)/110 -> 1 | E93: =B93/$B$112 -> 1 | F93: =ABS(A93-$H$11) -> 36.5 | G93: =0.6745*(A93-$H$11)/$H$12 -> -0.89524545 | R93: 2 | S93: =COUNTIFS(工作表1!E:E,"=" & R93)/24094 -> 4.1504109e-05 | T93: =COUNTIFS($S$2:$S$93,">="&S93)/92 -> 1 | U93: =S93/$S$94 -> 0.00085543199 | V93: =0.6745*(R93-40)/9 -> -2.8478889 | X93: 65 | Y93: =COUNTIFS(工作表1!F:F,"=" & X93) -> 231 | Z93: =ABS(X93-$AE$15)/$AE$18 -> 0.16985138 | AA93: =COUNTIFS($Y$2:$Y$158,"<="&Y93)/157 -> 0.64968153 | AB93: =Y93/$Y$159 -> 0.41621622 | AC93: =ABS(X93-$AE$12) -> 13 | AD93: =0.6745*(X93-$AE$12)/$AE$13 -> -0.22483333
A94: 17 | B94: =COUNTIFS(工作表1!C:C,"=" & A94) -> 845 | C94: =ABS(A94-$H$14)/$H$17 -> 0.69057548 | D94: =COUNTIFS($B$2:$B$111,"<="&B94)/110 -> 0.98181818 | E94: =B94/$B$112 -> 0.98946136 | F94: =ABS(A94-$H$11) -> 37.5 | G94: =0.6745*(A94-$H$11)/$H$12 -> -0.91977273 | S94: =MAX(S2:S93) -> 0.048518303 | X94: 64 | Y94: =COUNTIFS(工作表1!F:F,"=" & X94) -> 223 | Z94: =ABS(X94-$AE$15)/$AE$18 -> 0.18267189 | AA94: =COUNTIFS($Y$2:$Y$158,"<="&Y94)/157 -> 0.63694268 | AB94: =Y94/$Y$159 -> 0.4018018 | AC94: =ABS(X94-$AE$12) -> 14 | AD94: =0.6745*(X94-$AE$12)/$AE$13 -> -0.24212821
A95: 16 | B95: =COUNTIFS(工作表1!C:C,"=" & A95) -> 823 | C95: =ABS(A95-$H$14)/$H$17 -> 0.7089241 | D95: =COUNTIFS($B$2:$B$111,"<="&B95)/110 -> 0.95454545 | E95: =B95/$B$112 -> 0.96370023 | F95: =ABS(A95-$H$11) -> 38.5 | G95: =0.6745*(A95-$H$11)/$H$12 -> -0.9443 | X95: 63 | Y95: =COUNTIFS(工作表1!F:F,"=" & X95) -> 280 | Z95: =ABS(X95-$AE$15)/$AE$18 -> 0.19549241 | AA95: =COUNTIFS($Y$2:$Y$158,"<="&Y95)/157 -> 0.78343949 | AB95: =Y95/$Y$159 -> 0.5045045 | AC95: =ABS(X95-$AE$12) -> 15 | AD95: =0.6745*(X95-$AE$12)/$AE$13 -> -0.25942308
A96: 15 | B96: =COUNTIFS(工作表1!C:C,"=" & A96) -> 849 | C96: =ABS(A96-$H$14)/$H$17 -> 0.72727273 | D96: =COUNTIFS($B$2:$B$111,"<="&B96)/110 -> 0.99090909 | E96: =B96/$B$112 -> 0.9941452 | F96: =ABS(A96-$H$11) -> 39.5 | G96: =0.6745*(A96-$H$11)/$H$12 -> -0.96882727 | X96: 62 | Y96: =COUNTIFS(工作表1!F:F,"=" & X96) -> 241 | Z96: =ABS(X96-$AE$15)/$AE$18 -> 0.20831292 | AA96: =COUNTIFS($Y$2:$Y$158,"<="&Y96)/157 -> 0.68152866 | AB96: =Y96/$Y$159 -> 0.43423423 | AC96: =ABS(X96-$AE$12) -> 16 | AD96: =0.6745*(X96-$AE$12)/$AE$13 -> -0.27671795
A97: 14 | B97: =COUNTIFS(工作表1!C:C,"=" & A97) -> 797 | C97: =ABS(A97-$H$14)/$H$17 -> 0.74562135 | D97: =COUNTIFS($B$2:$B$111,"<="&B97)/110 -> 0.94545455 | E97: =B97/$B$112 -> 0.93325527 | F97: =ABS(A97-$H$11) -> 40.5 | G97: =0.6745*(A97-$H$11)/$H$12 -> -0.99335455 | X97: 61 | Y97: =COUNTIFS(工作表1!F:F,"=" & X97) -> 274 | Z97: =ABS(X97-$AE$15)/$AE$18 -> 0.22113343 | AA97: =COUNTIFS($Y$2:$Y$158,"<="&Y97)/157 -> 0.75796178 | AB97: =Y97/$Y$159 -> 0.49369369 | AC97: =ABS(X97-$AE$12) -> 17 | AD97: =0.6745*(X97-$AE$12)/$AE$13 -> -0.29401282
A98: 13 | B98: =COUNTIFS(工作表1!C:C,"=" & A98) -> 691 | C98: =ABS(A98-$H$14)/$H$17 -> 0.76396997 | D98: =COUNTIFS($B$2:$B$111,"<="&B98)/110 -> 0.90909091 | E98: =B98/$B$112 -> 0.80913349 | F98: =ABS(A98-$H$11) -> 41.5 | G98: =0.6745*(A98-$H$11)/$H$12 -> -1.0178818 | X98: 60 | Y98: =COUNTIFS(工作表1!F:F,"=" & X98) -> 274 | Z98: =ABS(X98-$AE$15)/$AE$18 -> 0.23395394 | AA98: =COUNTIFS($Y$2:$Y$158,"<="&Y98)/157 -> 0.75796178 | AB98: =Y98/$Y$159 -> 0.49369369 | AC98: =ABS(X98-$AE$12) -> 18 | AD98: =0.6745*(X98-$AE$12)/$AE$13 -> -0.31130769
A99: 12 | B99: =COUNTIFS(工作表1!C:C,"=" & A99) -> 632 | C99: =ABS(A99-$H$14)/$H$17 -> 0.7823186 | D99: =COUNTIFS($B$2:$B$111,"<="&B99)/110 -> 0.89090909 | E99: =B99/$B$112 -> 0.74004684 | F99: =ABS(A99-$H$11) -> 42.5 | G99: =0.6745*(A99-$H$11)/$H$12 -> -1.0424091 | X99: 59 | Y99: =COUNTIFS(工作表1!F:F,"=" & X99) -> 263 | Z99: =ABS(X99-$AE$15)/$AE$18 -> 0.24677446 | AA99: =COUNTIFS($Y$2:$Y$158,"<="&Y99)/157 -> 0.71974522 | AB99: =Y99/$Y$159 -> 0.47387387 | AC99: =ABS(X99-$AE$12) -> 19 | AD99: =0.6745*(X99-$AE$12)/$AE$13 -> -0.32860256
A100: 11 | B100: =COUNTIFS(工作表1!C:C,"=" & A100) -> 549 | C100: =ABS(A100-$H$14)/$H$17 -> 0.80066722 | D100: =COUNTIFS($B$2:$B$111,"<="&B100)/110 -> 0.86363636 | E100: =B100/$B$112 -> 0.64285714 | F100: =ABS(A100-$H$11) -> 43.5 | G100: =0.6745*(A100-$H$11)/$H$12 -> -1.0669364 | X100: 58 | Y100: =COUNTIFS(工作表1!F:F,"=" & X100) -> 276 | Z100: =ABS(X100-$AE$15)/$AE$18 -> 0.25959497 | AA100: =COUNTIFS($Y$2:$Y$158,"<="&Y100)/157 -> 0.77707006 | AB100: =Y100/$Y$159 -> 0.4972973 | AC100: =ABS(X100-$AE$12) -> 20 | AD100: =0.6745*(X100-$AE$12)/$AE$13 -> -0.34589744
A101: 10 | B101: =COUNTIFS(工作表1!C:C,"=" & A101) -> 475 | C101: =ABS(A101-$H$14)/$H$17 -> 0.81901585 | D101: =COUNTIFS($B$2:$B$111,"<="&B101)/110 -> 0.83636364 | E101: =B101/$B$112 -> 0.55620609 | F101: =ABS(A101-$H$11) -> 44.5 | G101: =0.6745*(A101-$H$11)/$H$12 -> -1.0914636 | X101: 57 | Y101: =COUNTIFS(工作表1!F:F,"=" & X101) -> 274 | Z101: =ABS(X101-$AE$15)/$AE$18 -> 0.27241548 | AA101: =COUNTIFS($Y$2:$Y$158,"<="&Y101)/157 -> 0.75796178 | AB101: =Y101/$Y$159 -> 0.49369369 | AC101: =ABS(X101-$AE$12) -> 21 | AD101: =0.6745*(X101-$AE$12)/$AE$13 -> -0.36319231
A102: 9 | B102: =COUNTIFS(工作表1!C:C,"=" & A102) -> 422 | C102: =ABS(A102-$H$14)/$H$17 -> 0.83736447 | D102: =COUNTIFS($B$2:$B$111,"<="&B102)/110 -> 0.80909091 | E102: =B102/$B$112 -> 0.4941452 | F102: =ABS(A102-$H$11) -> 45.5 | G102: =0.6745*(A102-$H$11)/$H$12 -> -1.1159909 | X102: 56 | Y102: =COUNTIFS(工作表1!F:F,"=" & X102) -> 309 | Z102: =ABS(X102-$AE$15)/$AE$18 -> 0.285236 | AA102: =COUNTIFS($Y$2:$Y$158,"<="&Y102)/157 -> 0.82165605 | AB102: =Y102/$Y$159 -> 0.55675676 | AC102: =ABS(X102-$AE$12) -> 22 | AD102: =0.6745*(X102-$AE$12)/$AE$13 -> -0.38048718
A103: 8 | B103: =COUNTIFS(工作表1!C:C,"=" & A103) -> 318 | C103: =ABS(A103-$H$14)/$H$17 -> 0.85571309 | D103: =COUNTIFS($B$2:$B$111,"<="&B103)/110 -> 0.71818182 | E103: =B103/$B$112 -> 0.37236534 | F103: =ABS(A103-$H$11) -> 46.5 | G103: =0.6745*(A103-$H$11)/$H$12 -> -1.1405182 | X103: 55 | Y103: =COUNTIFS(工作表1!F:F,"=" & X103) -> 290 | Z103: =ABS(X103-$AE$15)/$AE$18 -> 0.29805651 | AA103: =COUNTIFS($Y$2:$Y$158,"<="&Y103)/157 -> 0.79617834 | AB103: =Y103/$Y$159 -> 0.52252252 | AC103: =ABS(X103-$AE$12) -> 23 | AD103: =0.6745*(X103-$AE$12)/$AE$13 -> -0.39778205
A104: 7 | B104: =COUNTIFS(工作表1!C:C,"=" & A104) -> 255 | C104: =ABS(A104-$H$14)/$H$17 -> 0.87406172 | D104: =COUNTIFS($B$2:$B$111,"<="&B104)/110 -> 0.67272727 | E104: =B104/$B$112 -> 0.29859485 | F104: =ABS(A104-$H$11) -> 47.5 | G104: =0.6745*(A104-$H$11)/$H$12 -> -1.1650455 | X104: 54 | Y104: =COUNTIFS(工作表1!F:F,"=" & X104) -> 271 | Z104: =ABS(X104-$AE$15)/$AE$18 -> 0.31087702 | AA104: =COUNTIFS($Y$2:$Y$158,"<="&Y104)/157 -> 0.73248408 | AB104: =Y104/$Y$159 -> 0.48828829 | AC104: =ABS(X104-$AE$12) -> 24 | AD104: =0.6745*(X104-$AE$12)/$AE$13 -> -0.41507692
A105: 6 | B105: =COUNTIFS(工作表1!C:C,"=" & A105) -> 215 | C105: =ABS(A105-$H$14)/$H$17 -> 0.89241034 | D105: =COUNTIFS($B$2:$B$111,"<="&B105)/110 -> 0.63636364 | E105: =B105/$B$112 -> 0.25175644 | F105: =ABS(A105-$H$11) -> 48.5 | G105: =0.6745*(A105-$H$11)/$H$12 -> -1.1895727 | X105: 53 | Y105: =COUNTIFS(工作表1!F:F,"=" & X105) -> 320 | Z105: =ABS(X105-$AE$15)/$AE$18 -> 0.32369753 | AA105: =COUNTIFS($Y$2:$Y$158,"<="&Y105)/157 -> 0.84076433 | AB105: =Y105/$Y$159 -> 0.57657658 | AC105: =ABS(X105-$AE$12) -> 25 | AD105: =0.6745*(X105-$AE$12)/$AE$13 -> -0.43237179
A106: 5 | B106: =COUNTIFS(工作表1!C:C,"=" & A106) -> 153 | C106: =ABS(A106-$H$14)/$H$17 -> 0.91075897 | D106: =COUNTIFS($B$2:$B$111,"<="&B106)/110 -> 0.57272727 | E106: =B106/$B$112 -> 0.17915691 | F106: =ABS(A106-$H$11) -> 49.5 | G106: =0.6745*(A106-$H$11)/$H$12 -> -1.2141 | X106: 52 | Y106: =COUNTIFS(工作表1!F:F,"=" & X106) -> 309 | Z106: =ABS(X106-$AE$15)/$AE$18 -> 0.33651805 | AA106: =COUNTIFS($Y$2:$Y$158,"<="&Y106)/157 -> 0.82165605 | AB106: =Y106/$Y$159 -> 0.55675676 | AC106: =ABS(X106-$AE$12) -> 26 | AD106: =0.6745*(X106-$AE$12)/$AE$13 -> -0.44966667
... A111: 0 | B111: =COUNTIFS(工作表1!C:C,"=" & A111) -> 9 | C111: =ABS(A111-$H$14)/$H$17 -> 1.0025021 | D111: =COUNTIFS($B$2:$B$111,"<="&B111)/110 -> 0.26363636 | E111: =B111/$B$112 -> 0.010538642 | F111: =ABS(A111-$H$11) -> 54.5 | G111: =0.6745*(A111-$H$11)/$H$12 -> -1.3367364 | X111: 47 | Y111: =COUNTIFS(工作表1!F:F,"=" & X111) -> 235 | Z111: =ABS(X111-$AE$15)/$AE$18 -> 0.40062061 | AA111: =COUNTIFS($Y$2:$Y$158,"<="&Y111)/157 -> 0.66242038 | AB111: =Y111/$Y$159 -> 0.42342342 | AC111: =ABS(X111-$AE$12) -> 31 | AD111: =0.6745*(X111-$AE$12)/$AE$13 -> -0.53614103
B112: =MAX(B2:B111) -> 854 | X112: 46 | Y112: =COUNTIFS(工作表1!F:F,"=" & X112) -> 263 | Z112: =ABS(X112-$AE$15)/$AE$18 -> 0.41344112 | AA112: =COUNTIFS($Y$2:$Y$158,"<="&Y112)/157 -> 0.71974522 | AB112: =Y112/$Y$159 -> 0.47387387 | AC112: =ABS(X112-$AE$12) -> 32 | AD112: =0.6745*(X112-$AE$12)/$AE$13 -> -0.5534359
X113: 45 | Y113: =COUNTIFS(工作表1!F:F,"=" & X113) -> 266 | Z113: =ABS(X113-$AE$15)/$AE$18 -> 0.42626164 | AA113: =COUNTIFS($Y$2:$Y$158,"<="&Y113)/157 -> 0.72611465 | AB113: =Y113/$Y$159 -> 0.47927928 | AC113: =ABS(X113-$AE$12) -> 33 | AD113: =0.6745*(X113-$AE$12)/$AE$13 -> -0.57073077
X114: 44 | Y114: =COUNTIFS(工作表1!F:F,"=" & X114) -> 359 | Z114: =ABS(X114-$AE$15)/$AE$18 -> 0.43908215 | AA114: =COUNTIFS($Y$2:$Y$158,"<="&Y114)/157 -> 0.86624204 | AB114: =Y114/$Y$159 -> 0.64684685 | AC114: =ABS(X114-$AE$12) -> 34 | AD114: =0.6745*(X114-$AE$12)/$AE$13 -> -0.58802564
X115: 43 | Y115: =COUNTIFS(工作表1!F:F,"=" & X115) -> 276 | Z115: =ABS(X115-$AE$15)/$AE$18 -> 0.45190266 | AA115: =COUNTIFS($Y$2:$Y$158,"<="&Y115)/157 -> 0.77707006 | AB115: =Y115/$Y$159 -> 0.4972973 | AC115: =ABS(X115-$AE$12) -> 35 | AD115: =0.6745*(X115-$AE$12)/$AE$13 -> -0.60532051
X116: 42 | Y116: =COUNTIFS(工作表1!F:F,"=" & X116) -> 282 | Z116: =ABS(X116-$AE$15)/$AE$18 -> 0.46472317 | AA116: =COUNTIFS($Y$2:$Y$158,"<="&Y116)/157 -> 0.78980892 | AB116: =Y116/$Y$159 -> 0.50810811 | AC116: =ABS(X116-$AE$12) -> 36 | AD116: =0.6745*(X116-$AE$12)/$AE$13 -> -0.62261538
X117: 41 | Y117: =COUNTIFS(工作表1!F:F,"=" & X117) -> 313 | Z117: =ABS(X117-$AE$15)/$AE$18 -> 0.47754369 | AA117: =COUNTIFS($Y$2:$Y$158,"<="&Y117)/157 -> 0.8343949 | AB117: =Y117/$Y$159 -> 0.56396396 | AC117: =ABS(X117-$AE$12) -> 37 | AD117: =0.6745*(X117-$AE$12)/$AE$13 -> -0.63991026
X118: 40 | Y118: =COUNTIFS(工作表1!F:F,"=" & X118) -> 312 | Z118: =ABS(X118-$AE$15)/$AE$18 -> 0.4903642 | AA118: =COUNTIFS($Y$2:$Y$158,"<="&Y118)/157 -> 0.82802548 | AB118: =Y118/$Y$159 -> 0.56216216 | AC118: =ABS(X118-$AE$12) -> 38 | AD118: =0.6745*(X118-$AE$12)/$AE$13 -> -0.65720513
X119: 39 | Y119: =COUNTIFS(工作表1!F:F,"=" & X119) -> 294 | Z119: =ABS(X119-$AE$15)/$AE$18 -> 0.50318471 | AA119: =COUNTIFS($Y$2:$Y$158,"<="&Y119)/157 -> 0.80254777 | AB119: =Y119/$Y$159 -> 0.52972973 | AC119: =ABS(X119-$AE$12) -> 39 | AD119: =0.6745*(X119-$AE$12)/$AE$13 -> -0.6745
X120: 38 | Y120: =COUNTIFS(工作表1!F:F,"=" & X120) -> 349 | Z120: =ABS(X120-$AE$15)/$AE$18 -> 0.51600523 | AA120: =COUNTIFS($Y$2:$Y$158,"<="&Y120)/157 -> 0.85350318 | AB120: =Y120/$Y$159 -> 0.62882883 | AC120: =ABS(X120-$AE$12) -> 40 | AD120: =0.6745*(X120-$AE$12)/$AE$13 -> -0.69179487
X121: 37 | Y121: =COUNTIFS(工作表1!F:F,"=" & X121) -> 323 | Z121: =ABS(X121-$AE$15)/$AE$18 -> 0.52882574 | AA121: =COUNTIFS($Y$2:$Y$158,"<="&Y121)/157 -> 0.84713376 | AB121: =Y121/$Y$159 -> 0.58198198 | AC121: =ABS(X121-$AE$12) -> 41 | AD121: =0.6745*(X121-$AE$12)/$AE$13 -> -0.70908974
X122: 36 | Y122: =COUNTIFS(工作表1!F:F,"=" & X122) -> 392 | Z122: =ABS(X122-$AE$15)/$AE$18 -> 0.54164625 | AA122: =COUNTIFS($Y$2:$Y$158,"<="&Y122)/157 -> 0.92356688 | AB122: =Y122/$Y$159 -> 0.70630631 | AC122: =ABS(X122-$AE$12) -> 42 | AD122: =0.6745*(X122-$AE$12)/$AE$13 -> -0.72638462
X123: 35 | Y123: =COUNTIFS(工作表1!F:F,"=" & X123) -> 356 | Z123: =ABS(X123-$AE$15)/$AE$18 -> 0.55446676 | AA123: =COUNTIFS($Y$2:$Y$158,"<="&Y123)/157 -> 0.85987261 | AB123: =Y123/$Y$159 -> 0.64144144 | AC123: =ABS(X123-$AE$12) -> 43 | AD123: =0.6745*(X123-$AE$12)/$AE$13 -> -0.74367949
X124: 34 | Y124: =COUNTIFS(工作表1!F:F,"=" & X124) -> 393 | Z124: =ABS(X124-$AE$15)/$AE$18 -> 0.56728728 | AA124: =COUNTIFS($Y$2:$Y$158,"<="&Y124)/157 -> 0.92993631 | AB124: =Y124/$Y$159 -> 0.70810811 | AC124: =ABS(X124-$AE$12) -> 44 | AD124: =0.6745*(X124-$AE$12)/$AE$13 -> -0.76097436
... X158: 0 | Y158: =COUNTIFS(工作表1!F:F,"=" & X158) -> 8 | Z158: =ABS(X158-$AE$15)/$AE$18 -> 1.0031847 | AA158: =COUNTIFS($Y$2:$Y$158,"<="&Y158)/157 -> 0.21019108 | AB158: =Y158/$Y$159 -> 0.014414414 | AC158: =ABS(X158-$AE$12) -> 78 | AD158: =0.6745*(X158-$AE$12)/$AE$13 -> -1.349
Y159: =MAX(Y2:Y158) -> 555
